company_code1|company_code2|acc_name|cst_no|license|bnf_name|bnf_type|shareholding_ratio|bnf_address|id_type5|id_no5|id_deadline5|sys_name|pt
"99730000"|"F1008933000019"|"3月8日下午回归测试"|"21001122343242342343240004"|"null"|"云盼芙"|"14"|"null"|"null"|"11"|"130927198809101848"|"null"|"@N"|"20190903000000"
"99730000"|"F1008933000019"|"测试团体意外险批文增加保额显示问题"|"21001122343243242340000004"|"null"|"云盼芙"|"14"|"null"|"null"|"11"|"130927198809101848"|"null"|"@N"|"20190903000000"
"99730000"|"F1008933000019"|"太平科技保险股份有限公司团体交通测试"|"21001112342342342342340004"|"null"|"云盼芙"|"14"|"null"|"null"|"11"|"130927198809101848"|"null"|"@N"|"20190903000000"
"99730000"|"F1008933000019"|"团体交通意外伤害保险"|"21001112436235000000000000"|"null"|"云盼芙"|"14"|"null"|"null"|"11"|"130927198809101848"|"null"|"@N"|"20190903000000"
"99730000"|"F1008933000019"|"3月8日下午回归测试"|"21001122343242342343240004"|"null"|"柯乐蓉"|"14"|"null"|"null"|"11"|"140829199302121122"|"null"|"@N"|"20190903000000"
"99730000"|"F1008933000019"|"测试团体意外险批文增加保额显示问题"|"21001122343243242340000004"|"null"|"柯乐蓉"|"14"|"null"|"null"|"11"|"140829199302121122"|"null"|"@N"|"20190903000000"
"99730000"|"F1008933000019"|"太平科技保险股份有限公司团体交通测试"|"21001112342342342342340004"|"null"|"柯乐蓉"|"14"|"null"|"null"|"11"|"140829199302121122"|"null"|"@N"|"20190903000000"
"99730000"|"F1008933000019"|"团体交通意外伤害保险"|"21001112436235000000000000"|"null"|"柯乐蓉"|"14"|"null"|"null"|"11"|"140829199302121122"|"null"|"@N"|"20190903000000"
"99730000"|"F1008933000019"|"3月8日下午回归测试"|"21001122343242342343240004"|"null"|"邹千亦"|"14"|"null"|"null"|"11"|"140921197510079024"|"null"|"@N"|"20190903000000"
"99730000"|"F1008933000019"|"测试团体意外险批文增加保额显示问题"|"21001122343243242340000004"|"null"|"邹千亦"|"14"|"null"|"null"|"11"|"140921197510079024"|"null"|"@N"|"20190903000000"
"99730000"|"F1008933000019"|"太平科技保险股份有限公司团体交通测试"|"21001112342342342342340004"|"null"|"邹千亦"|"14"|"null"|"null"|"11"|"140921197510079024"|"null"|"@N"|"20190903000000"
"99730000"|"F1008933000019"|"团体交通意外伤害保险"|"21001112436235000000000000"|"null"|"邹千亦"|"14"|"null"|"null"|"11"|"140921197510079024"|"null"|"@N"|"20190903000000"
"99730000"|"F1008933000019"|"3月8日下午回归测试"|"21001122343242342343240004"|"null"|"谈谷梦"|"14"|"null"|"null"|"11"|"141033199105153688"|"null"|"@N"|"20190903000000"
"99730000"|"F1008933000019"|"测试团体意外险批文增加保额显示问题"|"21001122343243242340000004"|"null"|"谈谷梦"|"14"|"null"|"null"|"11"|"141033199105153688"|"null"|"@N"|"20190903000000"
"99730000"|"F1008933000019"|"太平科技保险股份有限公司团体交通测试"|"21001112342342342342340004"|"null"|"谈谷梦"|"14"|"null"|"null"|"11"|"141033199105153688"|"null"|"@N"|"20190903000000"
"99730000"|"F1008933000019"|"团体交通意外伤害保险"|"21001112436235000000000000"|"null"|"谈谷梦"|"14"|"null"|"null"|"11"|"141033199105153688"|"null"|"@N"|"20190903000000"
"99730000"|"F1008933000019"|"3月8日下午回归测试"|"21001122343242342343240004"|"null"|"李泽"|"14"|"null"|"null"|"11"|"150785197904177746"|"null"|"@N"|"20190903000000"
"99730000"|"F1008933000019"|"测试团体意外险批文增加保额显示问题"|"21001122343243242340000004"|"null"|"李泽"|"14"|"null"|"null"|"11"|"150785197904177746"|"null"|"@N"|"20190903000000"
"99730000"|"F1008933000019"|"太平科技保险股份有限公司团体交通测试"|"21001112342342342342340004"|"null"|"李泽"|"14"|"null"|"null"|"11"|"150785197904177746"|"null"|"@N"|"20190903000000"
"99730000"|"F1008933000019"|"团体交通意外伤害保险"|"21001112436235000000000000"|"null"|"李泽"|"14"|"null"|"null"|"11"|"150785197904177746"|"null"|"@N"|"20190903000000"
"99730000"|"F1008933000019"|"3月8日下午回归测试"|"21001122343242342343240004"|"null"|"熊秋珊"|"14"|"null"|"null"|"11"|"210803198105034425"|"null"|"@N"|"20190903000000"
"99730000"|"F1008933000019"|"测试团体意外险批文增加保额显示问题"|"21001122343243242340000004"|"null"|"熊秋珊"|"14"|"null"|"null"|"11"|"210803198105034425"|"null"|"@N"|"20190903000000"
"99730000"|"F1008933000019"|"太平科技保险股份有限公司团体交通测试"|"21001112342342342342340004"|"null"|"熊秋珊"|"14"|"null"|"null"|"11"|"210803198105034425"|"null"|"@N"|"20190903000000"
"99730000"|"F1008933000019"|"团体交通意外伤害保险"|"21001112436235000000000000"|"null"|"熊秋珊"|"14"|"null"|"null"|"11"|"210803198105034425"|"null"|"@N"|"20190903000000"
"99730000"|"F1008933000019"|"3月8日下午回归测试"|"21001122343242342343240004"|"null"|"任静槐"|"14"|"null"|"null"|"11"|"231004197710012665"|"null"|"@N"|"20190903000000"
"99730000"|"F1008933000019"|"测试团体意外险批文增加保额显示问题"|"21001122343243242340000004"|"null"|"任静槐"|"14"|"null"|"null"|"11"|"231004197710012665"|"null"|"@N"|"20190903000000"
"99730000"|"F1008933000019"|"太平科技保险股份有限公司团体交通测试"|"21001112342342342342340004"|"null"|"任静槐"|"14"|"null"|"null"|"11"|"231004197710012665"|"null"|"@N"|"20190903000000"
"99730000"|"F1008933000019"|"团体交通意外伤害保险"|"21001112436235000000000000"|"null"|"任静槐"|"14"|"null"|"null"|"11"|"231004197710012665"|"null"|"@N"|"20190903000000"
"99730000"|"F1008933000019"|"临清市鲁超精密锻造有限公司"|"21001128000000751000000000"|"null"|"大头"|"14"|"null"|"null"|"11"|"342211198704067896"|"null"|"@N"|"20190903000000"
"99730000"|"F1008933000019"|"飞天大圣-李衮"|"21100033124125123124500002"|"null"|"大头"|"14"|"null"|"null"|"11"|"342211198704067896"|"null"|"@N"|"20190903000000"
"99730000"|"F1008933000019"|"团体交通意外伤害保险"|"21001112436235000000000000"|"null"|"大头"|"14"|"null"|"null"|"11"|"342211198704067896"|"null"|"@N"|"20190903000000"
"99730000"|"F1008933000019"|"携程航空意外2"|"21001112433243243200000000"|"null"|"大头"|"14"|"null"|"null"|"11"|"342211198704067896"|"null"|"@N"|"20190903000000"
"99730000"|"F1008933000019"|"3月8日下午回归测试"|"21001122343242342343240004"|"null"|"章语柳"|"14"|"null"|"null"|"11"|"350322198112146903"|"null"|"@N"|"20190903000000"
"99730000"|"F1008933000019"|"测试团体意外险批文增加保额显示问题"|"21001122343243242340000004"|"null"|"章语柳"|"14"|"null"|"null"|"11"|"350322198112146903"|"null"|"@N"|"20190903000000"
"99730000"|"F1008933000019"|"太平科技保险股份有限公司团体交通测试"|"21001112342342342342340004"|"null"|"章语柳"|"14"|"null"|"null"|"11"|"350322198112146903"|"null"|"@N"|"20190903000000"
"99730000"|"F1008933000019"|"团体交通意外伤害保险"|"21001112436235000000000000"|"null"|"章语柳"|"14"|"null"|"null"|"11"|"350322198112146903"|"null"|"@N"|"20190903000000"
"99730000"|"F1008933000019"|"3月8日下午回归测试"|"21001122343242342343240004"|"null"|"柳飞烟"|"14"|"null"|"null"|"11"|"360402198303036303"|"null"|"@N"|"20190903000000"
"99730000"|"F1008933000019"|"测试团体意外险批文增加保额显示问题"|"21001122343243242340000004"|"null"|"柳飞烟"|"14"|"null"|"null"|"11"|"360402198303036303"|"null"|"@N"|"20190903000000"
"99730000"|"F1008933000019"|"太平科技保险股份有限公司团体交通测试"|"21001112342342342342340004"|"null"|"柳飞烟"|"14"|"null"|"null"|"11"|"360402198303036303"|"null"|"@N"|"20190903000000"
"99730000"|"F1008933000019"|"团体交通意外伤害保险"|"21001112436235000000000000"|"null"|"柳飞烟"|"14"|"null"|"null"|"11"|"360402198303036303"|"null"|"@N"|"20190903000000"
"99730000"|"F1008933000019"|"3月8日下午回归测试"|"21001122343242342343240004"|"null"|"袁白亦"|"14"|"null"|"null"|"11"|"410305198103211865"|"null"|"@N"|"20190903000000"
"99730000"|"F1008933000019"|"测试团体意外险批文增加保额显示问题"|"21001122343243242340000004"|"null"|"袁白亦"|"14"|"null"|"null"|"11"|"410305198103211865"|"null"|"@N"|"20190903000000"
"99730000"|"F1008933000019"|"太平科技保险股份有限公司团体交通测试"|"21001112342342342342340004"|"null"|"袁白亦"|"14"|"null"|"null"|"11"|"410305198103211865"|"null"|"@N"|"20190903000000"
"99730000"|"F1008933000019"|"团体交通意外伤害保险"|"21001112436235000000000000"|"null"|"袁白亦"|"14"|"null"|"null"|"11"|"410305198103211865"|"null"|"@N"|"20190903000000"
"99730000"|"F1008933000019"|"3月8日下午回归测试"|"21001122343242342343240004"|"null"|"危飞荷"|"14"|"null"|"null"|"11"|"410927197701132901"|"null"|"@N"|"20190903000000"
"99730000"|"F1008933000019"|"测试团体意外险批文增加保额显示问题"|"21001122343243242340000004"|"null"|"危飞荷"|"14"|"null"|"null"|"11"|"410927197701132901"|"null"|"@N"|"20190903000000"
"99730000"|"F1008933000019"|"太平科技保险股份有限公司团体交通测试"|"21001112342342342342340004"|"null"|"危飞荷"|"14"|"null"|"null"|"11"|"410927197701132901"|"null"|"@N"|"20190903000000"
"99730000"|"F1008933000019"|"团体交通意外伤害保险"|"21001112436235000000000000"|"null"|"危飞荷"|"14"|"null"|"null"|"11"|"410927197701132901"|"null"|"@N"|"20190903000000"
"99730000"|"F1008933000019"|"3月8日下午回归测试"|"21001122343242342343240004"|"null"|"王晓"|"14"|"null"|"null"|"11"|"421202197911076095"|"null"|"@N"|"20190903000000"
"99730000"|"F1008933000019"|"测试团体意外险批文增加保额显示问题"|"21001122343243242340000004"|"null"|"王晓"|"14"|"null"|"null"|"11"|"421202197911076095"|"null"|"@N"|"20190903000000"
"99730000"|"F1008933000019"|"太平科技保险股份有限公司团体交通测试"|"21001112342342342342340004"|"null"|"王晓"|"14"|"null"|"null"|"11"|"421202197911076095"|"null"|"@N"|"20190903000000"
"99730000"|"F1008933000019"|"团体交通意外伤害保险"|"21001112436235000000000000"|"null"|"王晓"|"14"|"null"|"null"|"11"|"421202197911076095"|"null"|"@N"|"20190903000000"
"99730000"|"F1008933000019"|"3月8日下午回归测试"|"21001122343242342343240004"|"null"|"王晓"|"14"|"null"|"null"|"11"|"440114197702034342"|"null"|"@N"|"20190903000000"
"99730000"|"F1008933000019"|"测试团体意外险批文增加保额显示问题"|"21001122343243242340000004"|"null"|"王晓"|"14"|"null"|"null"|"11"|"440114197702034342"|"null"|"@N"|"20190903000000"
"99730000"|"F1008933000019"|"太平科技保险股份有限公司团体交通测试"|"21001112342342342342340004"|"null"|"王晓"|"14"|"null"|"null"|"11"|"440114197702034342"|"null"|"@N"|"20190903000000"
"99730000"|"F1008933000019"|"团体交通意外伤害保险"|"21001112436235000000000000"|"null"|"王晓"|"14"|"null"|"null"|"11"|"440114197702034342"|"null"|"@N"|"20190903000000"
"99730000"|"F1008933000019"|"3月8日下午回归测试"|"21001122343242342343240004"|"null"|"赵六"|"14"|"null"|"null"|"11"|"450331197708200910"|"null"|"@N"|"20190903000000"
"99730000"|"F1008933000019"|"测试团体意外险批文增加保额显示问题"|"21001122343243242340000004"|"null"|"赵六"|"14"|"null"|"null"|"11"|"450331197708200910"|"null"|"@N"|"20190903000000"
"99730000"|"F1008933000019"|"太平科技保险股份有限公司团体交通测试"|"21001112342342342342340004"|"null"|"赵六"|"14"|"null"|"null"|"11"|"450331197708200910"|"null"|"@N"|"20190903000000"
"99730000"|"F1008933000019"|"团体交通意外伤害保险"|"21001112436235000000000000"|"null"|"赵六"|"14"|"null"|"null"|"11"|"450331197708200910"|"null"|"@N"|"20190903000000"
"99730000"|"F1008933000019"|"3月8日下午回归测试"|"21001122343242342343240004"|"null"|"欧阳组合"|"14"|"null"|"中国甘肃省白银市靖远县hahha"|"11"|"460106197804151228"|"null"|"@N"|"20190903000000"
"99730000"|"F1008933000019"|"测试团体意外险批文增加保额显示问题"|"21001122343243242340000004"|"null"|"欧阳组合"|"14"|"null"|"中国甘肃省白银市靖远县hahha"|"11"|"460106197804151228"|"null"|"@N"|"20190903000000"
"99730000"|"F1008933000019"|"太平科技保险股份有限公司团体交通测试"|"21001112342342342342340004"|"null"|"欧阳组合"|"14"|"null"|"中国甘肃省白银市靖远县hahha"|"11"|"460106197804151228"|"null"|"@N"|"20190903000000"
"99730000"|"F1008933000019"|"团体交通意外伤害保险"|"21001112436235000000000000"|"null"|"欧阳组合"|"14"|"null"|"中国甘肃省白银市靖远县hahha"|"11"|"460106197804151228"|"null"|"@N"|"20190903000000"
"99730000"|"F1008933000019"|"3月8日下午回归测试"|"21001122343242342343240004"|"null"|"缪冰真"|"14"|"null"|"null"|"11"|"513437198009221226"|"null"|"@N"|"20190903000000"
"99730000"|"F1008933000019"|"测试团体意外险批文增加保额显示问题"|"21001122343243242340000004"|"null"|"缪冰真"|"14"|"null"|"null"|"11"|"513437198009221226"|"null"|"@N"|"20190903000000"
"99730000"|"F1008933000019"|"太平科技保险股份有限公司团体交通测试"|"21001112342342342342340004"|"null"|"缪冰真"|"14"|"null"|"null"|"11"|"513437198009221226"|"null"|"@N"|"20190903000000"
"99730000"|"F1008933000019"|"团体交通意外伤害保险"|"21001112436235000000000000"|"null"|"缪冰真"|"14"|"null"|"null"|"11"|"513437198009221226"|"null"|"@N"|"20190903000000"
"99730000"|"F1008933000019"|"3月8日下午回归测试"|"21001122343242342343240004"|"null"|"白雪公主"|"14"|"null"|"中国北京市东城区科技大道100号"|"11"|"530124198005256985"|"20190730"|"@N"|"20190903000000"
"99730000"|"F1008933000019"|"测试团体意外险批文增加保额显示问题"|"21001122343243242340000004"|"null"|"白雪公主"|"14"|"null"|"中国北京市东城区科技大道100号"|"11"|"530124198005256985"|"20190730"|"@N"|"20190903000000"
"99730000"|"F1008933000019"|"太平科技保险股份有限公司团体交通测试"|"21001112342342342342340004"|"null"|"白雪公主"|"14"|"null"|"中国北京市东城区科技大道100号"|"11"|"530124198005256985"|"20190730"|"@N"|"20190903000000"
"99730000"|"F1008933000019"|"团体交通意外伤害保险"|"21001112436235000000000000"|"null"|"白雪公主"|"14"|"null"|"中国北京市东城区科技大道100号"|"11"|"530124198005256985"|"20190730"|"@N"|"20190903000000"
"99730000"|"F1008933000019"|"太平科技保险股份有限公司团体交通测试"|"21001112342342342342340004"|"null"|"王五"|"14"|"null"|"null"|"11"|"530302198309089437"|"null"|"@N"|"20190903000000"
"99730000"|"F1008933000019"|"团体交通意外伤害保险"|"21001112436235000000000000"|"null"|"王五"|"14"|"null"|"null"|"11"|"530302198309089437"|"null"|"@N"|"20190903000000"
"99730000"|"F1008933000019"|"飞天大圣-李衮"|"21100033124125123124500002"|"null"|"NV75101"|"14"|"null"|"null"|"13"|"1231241212312"|"null"|"@N"|"20190903000000"
"99730000"|"F1008933000019"|"3月8日下午回归测试"|"21001122343242342343240004"|"null"|"陈飞烟"|"14"|"null"|"null"|"11"|"530826197910274100"|"null"|"@N"|"20190903000000"
"99730000"|"F1008933000019"|"测试团体意外险批文增加保额显示问题"|"21001122343243242340000004"|"null"|"陈飞烟"|"14"|"null"|"null"|"11"|"530826197910274100"|"null"|"@N"|"20190903000000"
"99730000"|"F1008933000019"|"太平科技保险股份有限公司团体交通测试"|"21001112342342342342340004"|"null"|"陈飞烟"|"14"|"null"|"null"|"11"|"530826197910274100"|"null"|"@N"|"20190903000000"
"99730000"|"F1008933000019"|"团体交通意外伤害保险"|"21001112436235000000000000"|"null"|"陈飞烟"|"14"|"null"|"null"|"11"|"530826197910274100"|"null"|"@N"|"20190903000000"
"99730000"|"F1008933000019"|"3月8日下午回归测试"|"21001122343242342343240004"|"null"|"裴向雁"|"14"|"null"|"null"|"11"|"610502198510017321"|"null"|"@N"|"20190903000000"
"99730000"|"F1008933000019"|"测试团体意外险批文增加保额显示问题"|"21001122343243242340000004"|"null"|"裴向雁"|"14"|"null"|"null"|"11"|"610502198510017321"|"null"|"@N"|"20190903000000"
"99730000"|"F1008933000019"|"太平科技保险股份有限公司团体交通测试"|"21001112342342342342340004"|"null"|"裴向雁"|"14"|"null"|"null"|"11"|"610502198510017321"|"null"|"@N"|"20190903000000"
"99730000"|"F1008933000019"|"团体交通意外伤害保险"|"21001112436235000000000000"|"null"|"裴向雁"|"14"|"null"|"null"|"11"|"610502198510017321"|"null"|"@N"|"20190903000000"
"99730000"|"F1008933000019"|"飞天大圣-李衮"|"21100033124125123124500002"|"null"|"NV75101"|"14"|"null"|"null"|"12"|"12346"|"null"|"@N"|"20190903000000"
"99730000"|"F1008933000019"|"团体交通意外伤害保险"|"21001112436235000000000000"|"null"|"NV75101"|"14"|"null"|"null"|"12"|"12346"|"null"|"@N"|"20190903000000"
"99730000"|"F1008933000019"|"携程航空意外2"|"21001112433243243200000000"|"null"|"NV75101"|"14"|"null"|"null"|"12"|"12346"|"null"|"@N"|"20190903000000"
"99730000"|"F1008933000019"|"飞天大圣-李衮"|"21100033124125123124500002"|"null"|"NV75101"|"14"|"null"|"null"|"12"|"124123124412"|"null"|"@N"|"20190903000000"
"99730000"|"F1008933000019"|"飞天大圣-李衮"|"21100033124125123124500002"|"null"|"NV75101"|"14"|"null"|"null"|"12"|"412312412312412"|"null"|"@N"|"20190903000000"
"99730000"|"F1008933000019"|"3月8日下午回归测试"|"21001122343242342343240004"|"null"|"NV75101"|"14"|"null"|"null"|"12"|"530302198309089437"|"null"|"@N"|"20190903000000"
"99730000"|"F1008933000019"|"测试团体意外险批文增加保额显示问题"|"21001122343243242340000004"|"null"|"NV75101"|"14"|"null"|"null"|"12"|"530302198309089437"|"null"|"@N"|"20190903000000"
"99730000"|"F1008933000019"|"临清市鲁超精密锻造有限公司"|"21001128000000751000000000"|"null"|"NV75101"|"14"|"null"|"null"|"14"|"123456789"|"null"|"@N"|"20190903000000"
"99730000"|"F1008933000019"|"飞天大圣-李衮"|"21100033124125123124500002"|"null"|"性感诸葛，在线发牌"|"14"|"null"|"中国福建省福州市平潭县122123123"|"18"|"123456789"|"null"|"@N"|"20190903000000"
"99730000"|"F1008933000019"|"团体交通意外伤害保险"|"21001112436235000000000000"|"null"|"性感诸葛，在线发牌"|"14"|"null"|"中国福建省福州市平潭县122123123"|"18"|"123456789"|"null"|"@N"|"20190903000000"
"99730000"|"F1008933000019"|"携程航空意外2"|"21001112433243243200000000"|"null"|"性感诸葛，在线发牌"|"14"|"null"|"中国福建省福州市平潭县122123123"|"18"|"123456789"|"null"|"@N"|"20190903000000"
"99730000"|"F1008933000019"|"临清市鲁超精密锻造有限公司"|"21001128000000751000000000"|"null"|"NV75101"|"14"|"null"|"null"|"18"|"12346"|"null"|"@N"|"20190903000000"
"99730000"|"F1008933000019"|"女司机"|"21100015123124312512400007"|"null"|"大头"|"14"|"null"|"null"|"11"|"342211198704067896"|"null"|"@N"|"20190903000000"
"99730000"|"F1008933000019"|"女司机"|"21100015123124312512400007"|"null"|"大头"|"14"|"null"|"null"|"11"|"342211198704067896"|"null"|"@N"|"20190903000000"
"99730000"|"F1008933000019"|"女司机"|"21100015123124312512400007"|"null"|"大头"|"14"|"null"|"null"|"11"|"342211198704067896"|"null"|"@N"|"20190903000000"
"99730000"|"F1008933000019"|"女司机"|"21100015123124312512400007"|"null"|"大头"|"14"|"null"|"null"|"11"|"342211198704067896"|"null"|"@N"|"20190903000000"
"99730000"|"F1008933000019"|"女司机"|"21100015123124312512400007"|"null"|"大头"|"14"|"null"|"null"|"11"|"342211198704067896"|"null"|"@N"|"20190903000000"
"99730000"|"F1008933000019"|"女司机"|"21100015123124312512400007"|"null"|"大头"|"14"|"null"|"null"|"11"|"342211198704067896"|"null"|"@N"|"20190903000000"
"99730000"|"F1008933000019"|"女司机"|"21100015123124312512400007"|"null"|"大头"|"14"|"null"|"null"|"11"|"342211198704067896"|"null"|"@N"|"20190903000000"
"99730000"|"F1008933000019"|"女司机"|"21100015123124312512400007"|"null"|"大头"|"14"|"null"|"null"|"11"|"342211198704067896"|"null"|"@N"|"20190903000000"
"99730000"|"F1008933000019"|"女司机"|"21100015123124312512400007"|"null"|"大头"|"14"|"null"|"null"|"11"|"342211198704067896"|"null"|"@N"|"20190903000000"
"99730000"|"F1008933000019"|"女司机"|"21100015123124312512400007"|"null"|"大头"|"14"|"null"|"null"|"11"|"342211198704067896"|"null"|"@N"|"20190903000000"
"99730000"|"F1008933000019"|"驾驶培训学员意外上海保险"|"21001122134321421400000000"|"null"|"大头"|"14"|"null"|"null"|"11"|"342211198704067896"|"null"|"@N"|"20190903000000"
"99730000"|"F1008933000019"|"携程航空意外2"|"21001112433243243200000000"|"null"|"大头"|"14"|"null"|"null"|"11"|"342211198704067896"|"null"|"@N"|"20190903000000"
"99730000"|"F1008933000019"|"携程航空意外2"|"21001112433243243200000000"|"null"|"大头"|"14"|"null"|"null"|"11"|"342211198704067896"|"null"|"@N"|"20190903000000"
"99730000"|"F1008933000019"|"女司机"|"21100015123124312512400007"|"null"|"NV75101"|"14"|"null"|"null"|"12"|"12346"|"null"|"@N"|"20190903000000"
"99730000"|"F1008933000019"|"女司机"|"21100015123124312512400007"|"null"|"NV75101"|"14"|"null"|"null"|"12"|"12346"|"null"|"@N"|"20190903000000"
"99730000"|"F1008933000019"|"女司机"|"21100015123124312512400007"|"null"|"NV75101"|"14"|"null"|"null"|"12"|"12346"|"null"|"@N"|"20190903000000"
"99730000"|"F1008933000019"|"女司机"|"21100015123124312512400007"|"null"|"NV75101"|"14"|"null"|"null"|"12"|"12346"|"null"|"@N"|"20190903000000"
"99730000"|"F1008933000019"|"女司机"|"21100015123124312512400007"|"null"|"NV75101"|"14"|"null"|"null"|"12"|"12346"|"null"|"@N"|"20190903000000"
"99730000"|"F1008933000019"|"女司机"|"21100015123124312512400007"|"null"|"NV75101"|"14"|"null"|"null"|"12"|"12346"|"null"|"@N"|"20190903000000"
"99730000"|"F1008933000019"|"女司机"|"21100015123124312512400007"|"null"|"NV75101"|"14"|"null"|"null"|"12"|"12346"|"null"|"@N"|"20190903000000"
"99730000"|"F1008933000019"|"女司机"|"21100015123124312512400007"|"null"|"NV75101"|"14"|"null"|"null"|"12"|"12346"|"null"|"@N"|"20190903000000"
"99730000"|"F1008933000019"|"女司机"|"21100015123124312512400007"|"null"|"NV75101"|"14"|"null"|"null"|"12"|"12346"|"null"|"@N"|"20190903000000"
"99730000"|"F1008933000019"|"女司机"|"21100015123124312512400007"|"null"|"NV75101"|"14"|"null"|"null"|"12"|"12346"|"null"|"@N"|"20190903000000"
"99730000"|"F1008933000019"|"驾驶培训学员意外上海保险"|"21001122134321421400000000"|"null"|"NV75101"|"14"|"null"|"null"|"12"|"12346"|"null"|"@N"|"20190903000000"
"99730000"|"F1008933000019"|"携程航空意外2"|"21001112433243243200000000"|"null"|"NV75101"|"14"|"null"|"null"|"12"|"12346"|"null"|"@N"|"20190903000000"
"99730000"|"F1008933000019"|"携程航空意外2"|"21001112433243243200000000"|"null"|"NV75101"|"14"|"null"|"null"|"12"|"12346"|"null"|"@N"|"20190903000000"
"99730000"|"F1008933000019"|"测试团单"|"21001116134324325436000000"|"null"|"NV75101"|"14"|"null"|"null"|"12"|"12346"|"null"|"@N"|"20190903000000"
"99730000"|"F1008933000019"|"测试团单"|"21001116134324325436000000"|"null"|"NV75101"|"14"|"null"|"null"|"14"|"123456789"|"null"|"@N"|"20190903000000"
"99730000"|"F1008933000019"|"女司机"|"21100015123124312512400007"|"null"|"性感诸葛，在线发牌"|"14"|"null"|"中国福建省福州市平潭县122123123"|"18"|"123456789"|"null"|"@N"|"20190903000000"
"99730000"|"F1008933000019"|"女司机"|"21100015123124312512400007"|"null"|"性感诸葛，在线发牌"|"14"|"null"|"中国福建省福州市平潭县122123123"|"18"|"123456789"|"null"|"@N"|"20190903000000"
"99730000"|"F1008933000019"|"女司机"|"21100015123124312512400007"|"null"|"性感诸葛，在线发牌"|"14"|"null"|"中国福建省福州市平潭县122123123"|"18"|"123456789"|"null"|"@N"|"20190903000000"
"99730000"|"F1008933000019"|"女司机"|"21100015123124312512400007"|"null"|"性感诸葛，在线发牌"|"14"|"null"|"中国福建省福州市平潭县122123123"|"18"|"123456789"|"null"|"@N"|"20190903000000"
"99730000"|"F1008933000019"|"女司机"|"21100015123124312512400007"|"null"|"性感诸葛，在线发牌"|"14"|"null"|"中国福建省福州市平潭县122123123"|"18"|"123456789"|"null"|"@N"|"20190903000000"
"99730000"|"F1008933000019"|"女司机"|"21100015123124312512400007"|"null"|"性感诸葛，在线发牌"|"14"|"null"|"中国福建省福州市平潭县122123123"|"18"|"123456789"|"null"|"@N"|"20190903000000"
"99730000"|"F1008933000019"|"女司机"|"21100015123124312512400007"|"null"|"性感诸葛，在线发牌"|"14"|"null"|"中国福建省福州市平潭县122123123"|"18"|"123456789"|"null"|"@N"|"20190903000000"
"99730000"|"F1008933000019"|"女司机"|"21100015123124312512400007"|"null"|"性感诸葛，在线发牌"|"14"|"null"|"中国福建省福州市平潭县122123123"|"18"|"123456789"|"null"|"@N"|"20190903000000"
"99730000"|"F1008933000019"|"女司机"|"21100015123124312512400007"|"null"|"性感诸葛，在线发牌"|"14"|"null"|"中国福建省福州市平潭县122123123"|"18"|"123456789"|"null"|"@N"|"20190903000000"
"99730000"|"F1008933000019"|"女司机"|"21100015123124312512400007"|"null"|"性感诸葛，在线发牌"|"14"|"null"|"中国福建省福州市平潭县122123123"|"18"|"123456789"|"null"|"@N"|"20190903000000"
"99730000"|"F1008933000019"|"驾驶培训学员意外上海保险"|"21001122134321421400000000"|"null"|"性感诸葛，在线发牌"|"14"|"null"|"中国福建省福州市平潭县122123123"|"18"|"123456789"|"null"|"@N"|"20190903000000"
"99730000"|"F1008933000019"|"携程航空意外2"|"21001112433243243200000000"|"null"|"性感诸葛，在线发牌"|"14"|"null"|"中国福建省福州市平潭县122123123"|"18"|"123456789"|"null"|"@N"|"20190903000000"
"99730000"|"F1008933000019"|"携程航空意外2"|"21001112433243243200000000"|"null"|"性感诸葛，在线发牌"|"14"|"null"|"中国福建省福州市平潭县122123123"|"18"|"123456789"|"null"|"@N"|"20190903000000"
"99730000"|"F1008933000019"|"驾驶培训学员意外上海保险"|"21001122134321421400000000"|"null"|"大头"|"14"|"null"|"null"|"18"|"123456790"|"null"|"@N"|"20190903000000"
"99730000"|"F1008933000019"|"驾驶培训学员意外上海保险"|"21001122134321421400000000"|"null"|"大头1"|"14"|"null"|"null"|"18"|"123456791"|"null"|"@N"|"20190903000000"
"99730000"|"F1008933000019"|"驾驶培训学员意外上海保险"|"21001122134321421400000000"|"null"|"大头2"|"14"|"null"|"null"|"18"|"123456792"|"null"|"@N"|"20190903000000"
"99730000"|"F1008933000019"|"驾驶培训学员意外上海保险"|"21001122134321421400000000"|"null"|"大头"|"14"|"null"|"null"|"18"|"123456793"|"null"|"@N"|"20190903000000"
"99730000"|"F1008933000019"|"驾驶培训学员意外上海保险"|"21001122134321421400000000"|"null"|"大头1"|"14"|"null"|"null"|"18"|"123456794"|"null"|"@N"|"20190903000000"
"99730000"|"F1008933000019"|"驾驶培训学员意外上海保险"|"21001122134321421400000000"|"null"|"大头2"|"14"|"null"|"null"|"18"|"123456795"|"null"|"@N"|"20190903000000"
"99730000"|"F1008933000019"|"驾驶培训学员意外上海保险"|"21001122134321421400000000"|"null"|"大头"|"14"|"null"|"null"|"18"|"123456796"|"null"|"@N"|"20190903000000"
"99730000"|"F1008933000019"|"驾驶培训学员意外上海保险"|"21001122134321421400000000"|"null"|"大头1"|"14"|"null"|"null"|"18"|"123456797"|"null"|"@N"|"20190903000000"
"99730000"|"F1008933000019"|"驾驶培训学员意外上海保险"|"21001122134321421400000000"|"null"|"大头2"|"14"|"null"|"null"|"18"|"123456798"|"null"|"@N"|"20190903000000"
"99730000"|"F1008933000019"|"测试团单"|"21001116134324325436000000"|"null"|"大头"|"14"|"null"|"null"|"18"|"342211198704067896"|"null"|"@N"|"20190903000000"
"99730000"|"F1008933000019"|"百里旅行"|"21001114601061978041512286"|"null"|"云盼芙"|"14"|"null"|"null"|"11"|"130927198809101848"|"null"|"@N"|"20190903000000"
"99730000"|"F1008933000019"|"百里旅行"|"21001114601061978041512286"|"null"|"柯乐蓉"|"14"|"null"|"null"|"11"|"140829199302121122"|"null"|"@N"|"20190903000000"
"99730000"|"F1008933000019"|"百里旅行"|"21001114601061978041512286"|"null"|"邹千亦"|"14"|"null"|"null"|"11"|"140921197510079024"|"null"|"@N"|"20190903000000"
"99730000"|"F1008933000019"|"百里旅行"|"21001114601061978041512286"|"null"|"谈谷梦"|"14"|"null"|"null"|"11"|"141033199105153688"|"null"|"@N"|"20190903000000"
"99730000"|"F1008933000019"|"百里旅行"|"21001114601061978041512286"|"null"|"李泽"|"14"|"null"|"null"|"11"|"150785197904177746"|"null"|"@N"|"20190903000000"
"99730000"|"F1008933000019"|"百里旅行"|"21001114601061978041512286"|"null"|"熊秋珊"|"14"|"null"|"null"|"11"|"210803198105034425"|"null"|"@N"|"20190903000000"
"99730000"|"F1008933000019"|"百里旅行"|"21001114601061978041512286"|"null"|"任静槐"|"14"|"null"|"null"|"11"|"231004197710012665"|"null"|"@N"|"20190903000000"
"99730000"|"F1008933000019"|"百里旅行"|"21001114601061978041512286"|"null"|"章语柳"|"14"|"null"|"null"|"11"|"350322198112146903"|"null"|"@N"|"20190903000000"
"99730000"|"F1008933000019"|"百里旅行"|"21001114601061978041512286"|"null"|"柳飞烟"|"14"|"null"|"null"|"11"|"360402198303036303"|"null"|"@N"|"20190903000000"
"99730000"|"F1008933000019"|"百里旅行"|"21001114601061978041512286"|"null"|"袁白亦"|"14"|"null"|"null"|"11"|"410305198103211865"|"null"|"@N"|"20190903000000"
"99730000"|"F1008933000019"|"百里旅行"|"21001114601061978041512286"|"null"|"危飞荷"|"14"|"null"|"null"|"11"|"410927197701132901"|"null"|"@N"|"20190903000000"
"99730000"|"F1008933000019"|"百里旅行"|"21001114601061978041512286"|"null"|"王晓"|"14"|"null"|"null"|"11"|"421202197911076095"|"null"|"@N"|"20190903000000"
"99730000"|"F1008933000019"|"百里旅行"|"21001114601061978041512286"|"null"|"王晓"|"14"|"null"|"null"|"11"|"440114197702034342"|"null"|"@N"|"20190903000000"
"99730000"|"F1008933000019"|"百里旅行"|"21001114601061978041512286"|"null"|"赵六"|"14"|"null"|"null"|"11"|"450331197708200910"|"null"|"@N"|"20190903000000"
"99730000"|"F1008933000019"|"百里旅行"|"21001114601061978041512286"|"null"|"欧阳组合"|"14"|"null"|"中国甘肃省白银市靖远县hahha"|"11"|"460106197804151228"|"null"|"@N"|"20190903000000"
"99730000"|"F1008933000019"|"百里旅行"|"21001114601061978041512286"|"null"|"缪冰真"|"14"|"null"|"null"|"11"|"513437198009221226"|"null"|"@N"|"20190903000000"
"99730000"|"F1008933000019"|"百里旅行"|"21001114601061978041512286"|"null"|"白雪公主"|"14"|"null"|"中国北京市东城区科技大道100号"|"11"|"530124198005256985"|"20190730"|"@N"|"20190903000000"
"99730000"|"F1008933000019"|"百里旅行"|"21001114601061978041512286"|"null"|"王五"|"14"|"null"|"null"|"11"|"530302198309089437"|"null"|"@N"|"20190903000000"
"99730000"|"F1008933000019"|"百里旅行"|"21001114601061978041512286"|"null"|"陈飞烟"|"14"|"null"|"null"|"11"|"530826197910274100"|"null"|"@N"|"20190903000000"
"99730000"|"F1008933000019"|"百里旅行"|"21001114601061978041512286"|"null"|"裴向雁"|"14"|"null"|"null"|"11"|"610502198510017321"|"null"|"@N"|"20190903000000"
"99730000"|"F1008933000019"|"测试团单"|"21001116134324325436000000"|"null"|"NV75101"|"14"|"null"|"null"|"12"|"12346"|"null"|"@N"|"20190903000000"
"99730000"|"F1008933000019"|"测试团单"|"21001116134324325436000000"|"null"|"NV75101"|"14"|"null"|"null"|"12"|"12346"|"null"|"@N"|"20190903000000"
"99730000"|"F1008933000019"|"测试团单"|"21001116134324325436000000"|"null"|"NV75101"|"14"|"null"|"null"|"12"|"12346"|"null"|"@N"|"20190903000000"
"99730000"|"F1008933000019"|"测试团单"|"21001116134324325436000000"|"null"|"NV75101"|"14"|"null"|"null"|"12"|"12346"|"null"|"@N"|"20190903000000"
"99730000"|"F1008933000019"|"测试团单"|"21001116134324325436000000"|"null"|"NV75101"|"14"|"null"|"null"|"12"|"12346"|"null"|"@N"|"20190903000000"
"99730000"|"F1008933000019"|"测试团单"|"21001116134324325436000000"|"null"|"NV75101"|"14"|"null"|"null"|"12"|"12346"|"null"|"@N"|"20190903000000"
"99730000"|"F1008933000019"|"上海宏盛电子有限公司"|"21001129900022093300000000"|"null"|"NV75101"|"14"|"null"|"null"|"12"|"12346"|"null"|"@N"|"20190903000000"
"99730000"|"F1008933000019"|"上海宏盛电子有限公司"|"21001129900022093300000000"|"null"|"NV75101"|"14"|"null"|"null"|"12"|"12346"|"null"|"@N"|"20190903000000"
"99730000"|"F1008933000019"|"测试团单"|"21001116134324325436000000"|"null"|"NV75101"|"14"|"null"|"null"|"14"|"123456789"|"null"|"@N"|"20190903000000"
"99730000"|"F1008933000019"|"测试团单"|"21001116134324325436000000"|"null"|"NV75101"|"14"|"null"|"null"|"14"|"123456789"|"null"|"@N"|"20190903000000"
"99730000"|"F1008933000019"|"测试团单"|"21001116134324325436000000"|"null"|"NV75101"|"14"|"null"|"null"|"14"|"123456789"|"null"|"@N"|"20190903000000"
"99730000"|"F1008933000019"|"测试团单"|"21001116134324325436000000"|"null"|"NV75101"|"14"|"null"|"null"|"14"|"123456789"|"null"|"@N"|"20190903000000"
"99730000"|"F1008933000019"|"测试团单"|"21001116134324325436000000"|"null"|"NV75101"|"14"|"null"|"null"|"14"|"123456789"|"null"|"@N"|"20190903000000"
"99730000"|"F1008933000019"|"测试团单"|"21001116134324325436000000"|"null"|"NV75101"|"14"|"null"|"null"|"14"|"123456789"|"null"|"@N"|"20190903000000"
"99730000"|"F1008933000019"|"上海宏盛电子有限公司"|"21001129900022093300000000"|"null"|"NV75101"|"14"|"null"|"null"|"14"|"123456789"|"null"|"@N"|"20190903000000"
"99730000"|"F1008933000019"|"上海宏盛电子有限公司"|"21001129900022093300000000"|"null"|"NV75101"|"14"|"null"|"null"|"14"|"123456789"|"null"|"@N"|"20190903000000"
"99730000"|"F1008933000019"|"测试团单"|"21001116134324325436000000"|"null"|"大头"|"14"|"null"|"null"|"18"|"342211198704067896"|"null"|"@N"|"20190903000000"
"99730000"|"F1008933000019"|"测试团单"|"21001116134324325436000000"|"null"|"大头"|"14"|"null"|"null"|"18"|"342211198704067896"|"null"|"@N"|"20190903000000"
"99730000"|"F1008933000019"|"测试团单"|"21001116134324325436000000"|"null"|"大头"|"14"|"null"|"null"|"18"|"342211198704067896"|"null"|"@N"|"20190903000000"
"99730000"|"F1008933000019"|"测试团单"|"21001116134324325436000000"|"null"|"大头"|"14"|"null"|"null"|"18"|"342211198704067896"|"null"|"@N"|"20190903000000"
"99730000"|"F1008933000019"|"测试团单"|"21001116134324325436000000"|"null"|"大头"|"14"|"null"|"null"|"18"|"342211198704067896"|"null"|"@N"|"20190903000000"
"99730000"|"F1008933000019"|"测试团单"|"21001116134324325436000000"|"null"|"大头"|"14"|"null"|"null"|"18"|"342211198704067896"|"null"|"@N"|"20190903000000"
"99730000"|"F1008933000019"|"上海宏盛电子有限公司"|"21001129900022093300000000"|"null"|"大头"|"14"|"null"|"null"|"18"|"342211198704067896"|"null"|"@N"|"20190903000000"
"99730000"|"F1008933000019"|"上海宏盛电子有限公司"|"21001129900022093300000000"|"null"|"大头"|"14"|"null"|"null"|"18"|"342211198704067896"|"null"|"@N"|"20190903000000"
"99730000"|"F1008933000019"|"团UAT驾乘人员"|"21100012332432423423452301"|"null"|"云盼芙"|"14"|"null"|"null"|"11"|"130927198809101848"|"null"|"@N"|"20190903000000"
"99730000"|"F1008933000019"|"飞行员执照丧失测试UAT"|"21001122343252352353250006"|"null"|"云盼芙"|"14"|"null"|"null"|"11"|"130927198809101848"|"null"|"@N"|"20190903000000"
"99730000"|"F1008933000019"|"飞行员执照丧失保险UAT"|"21001111234214324000000000"|"null"|"云盼芙"|"14"|"null"|"null"|"11"|"130927198809101848"|"null"|"@N"|"20190903000000"
"99730000"|"F1008933000019"|"团UAT驾乘人员"|"21100012332432423423452301"|"null"|"柯乐蓉"|"14"|"null"|"null"|"11"|"140829199302121122"|"null"|"@N"|"20190903000000"
"99730000"|"F1008933000019"|"飞行员执照丧失测试UAT"|"21001122343252352353250006"|"null"|"柯乐蓉"|"14"|"null"|"null"|"11"|"140829199302121122"|"null"|"@N"|"20190903000000"
"99730000"|"F1008933000019"|"飞行员执照丧失保险UAT"|"21001111234214324000000000"|"null"|"柯乐蓉"|"14"|"null"|"null"|"11"|"140829199302121122"|"null"|"@N"|"20190903000000"
"99730000"|"F1008933000019"|"团UAT驾乘人员"|"21100012332432423423452301"|"null"|"邹千亦"|"14"|"null"|"null"|"11"|"140921197510079024"|"null"|"@N"|"20190903000000"
"99730000"|"F1008933000019"|"飞行员执照丧失测试UAT"|"21001122343252352353250006"|"null"|"邹千亦"|"14"|"null"|"null"|"11"|"140921197510079024"|"null"|"@N"|"20190903000000"
"99730000"|"F1008933000019"|"飞行员执照丧失保险UAT"|"21001111234214324000000000"|"null"|"邹千亦"|"14"|"null"|"null"|"11"|"140921197510079024"|"null"|"@N"|"20190903000000"
"99730000"|"F1008933000019"|"团UAT驾乘人员"|"21100012332432423423452301"|"null"|"谈谷梦"|"14"|"null"|"null"|"11"|"141033199105153688"|"null"|"@N"|"20190903000000"
"99730000"|"F1008933000019"|"飞行员执照丧失测试UAT"|"21001122343252352353250006"|"null"|"谈谷梦"|"14"|"null"|"null"|"11"|"141033199105153688"|"null"|"@N"|"20190903000000"
"99730000"|"F1008933000019"|"飞行员执照丧失保险UAT"|"21001111234214324000000000"|"null"|"谈谷梦"|"14"|"null"|"null"|"11"|"141033199105153688"|"null"|"@N"|"20190903000000"
"99730000"|"F1008933000019"|"团UAT驾乘人员"|"21100012332432423423452301"|"null"|"李泽"|"14"|"null"|"null"|"11"|"150785197904177746"|"null"|"@N"|"20190903000000"
"99730000"|"F1008933000019"|"飞行员执照丧失测试UAT"|"21001122343252352353250006"|"null"|"李泽"|"14"|"null"|"null"|"11"|"150785197904177746"|"null"|"@N"|"20190903000000"
"99730000"|"F1008933000019"|"飞行员执照丧失保险UAT"|"21001111234214324000000000"|"null"|"李泽"|"14"|"null"|"null"|"11"|"150785197904177746"|"null"|"@N"|"20190903000000"
"99730000"|"F1008933000019"|"团UAT驾乘人员"|"21100012332432423423452301"|"null"|"熊秋珊"|"14"|"null"|"null"|"11"|"210803198105034425"|"null"|"@N"|"20190903000000"
"99730000"|"F1008933000019"|"飞行员执照丧失测试UAT"|"21001122343252352353250006"|"null"|"熊秋珊"|"14"|"null"|"null"|"11"|"210803198105034425"|"null"|"@N"|"20190903000000"
"99730000"|"F1008933000019"|"飞行员执照丧失保险UAT"|"21001111234214324000000000"|"null"|"熊秋珊"|"14"|"null"|"null"|"11"|"210803198105034425"|"null"|"@N"|"20190903000000"
"99730000"|"F1008933000019"|"团UAT驾乘人员"|"21100012332432423423452301"|"null"|"任静槐"|"14"|"null"|"null"|"11"|"231004197710012665"|"null"|"@N"|"20190903000000"
"99730000"|"F1008933000019"|"飞行员执照丧失测试UAT"|"21001122343252352353250006"|"null"|"任静槐"|"14"|"null"|"null"|"11"|"231004197710012665"|"null"|"@N"|"20190903000000"
"99730000"|"F1008933000019"|"飞行员执照丧失保险UAT"|"21001111234214324000000000"|"null"|"任静槐"|"14"|"null"|"null"|"11"|"231004197710012665"|"null"|"@N"|"20190903000000"
"99730000"|"F1008933000019"|"团单测试"|"21001125145145100000000000"|"null"|"大头"|"14"|"null"|"null"|"11"|"342211198704067896"|"null"|"@N"|"20190903000000"
"99730000"|"F1008933000019"|"团单测试"|"21001125145145100000000000"|"null"|"大头"|"14"|"null"|"null"|"11"|"342211198704067896"|"null"|"@N"|"20190903000000"
"99730000"|"F1008933000019"|"团UAT驾乘人员"|"21100012332432423423452301"|"null"|"章语柳"|"14"|"null"|"null"|"11"|"350322198112146903"|"null"|"@N"|"20190903000000"
"99730000"|"F1008933000019"|"飞行员执照丧失测试UAT"|"21001122343252352353250006"|"null"|"章语柳"|"14"|"null"|"null"|"11"|"350322198112146903"|"null"|"@N"|"20190903000000"
"99730000"|"F1008933000019"|"飞行员执照丧失保险UAT"|"21001111234214324000000000"|"null"|"章语柳"|"14"|"null"|"null"|"11"|"350322198112146903"|"null"|"@N"|"20190903000000"
"99730000"|"F1008933000019"|"团UAT驾乘人员"|"21100012332432423423452301"|"null"|"柳飞烟"|"14"|"null"|"null"|"11"|"360402198303036303"|"null"|"@N"|"20190903000000"
"99730000"|"F1008933000019"|"飞行员执照丧失测试UAT"|"21001122343252352353250006"|"null"|"柳飞烟"|"14"|"null"|"null"|"11"|"360402198303036303"|"null"|"@N"|"20190903000000"
"99730000"|"F1008933000019"|"飞行员执照丧失保险UAT"|"21001111234214324000000000"|"null"|"柳飞烟"|"14"|"null"|"null"|"11"|"360402198303036303"|"null"|"@N"|"20190903000000"
"99730000"|"F1008933000019"|"团UAT驾乘人员"|"21100012332432423423452301"|"null"|"袁白亦"|"14"|"null"|"null"|"11"|"410305198103211865"|"null"|"@N"|"20190903000000"
"99730000"|"F1008933000019"|"飞行员执照丧失测试UAT"|"21001122343252352353250006"|"null"|"袁白亦"|"14"|"null"|"null"|"11"|"410305198103211865"|"null"|"@N"|"20190903000000"
"99730000"|"F1008933000019"|"飞行员执照丧失保险UAT"|"21001111234214324000000000"|"null"|"袁白亦"|"14"|"null"|"null"|"11"|"410305198103211865"|"null"|"@N"|"20190903000000"
"99730000"|"F1008933000019"|"团UAT驾乘人员"|"21100012332432423423452301"|"null"|"危飞荷"|"14"|"null"|"null"|"11"|"410927197701132901"|"null"|"@N"|"20190903000000"
"99730000"|"F1008933000019"|"飞行员执照丧失测试UAT"|"21001122343252352353250006"|"null"|"危飞荷"|"14"|"null"|"null"|"11"|"410927197701132901"|"null"|"@N"|"20190903000000"
"99730000"|"F1008933000019"|"飞行员执照丧失保险UAT"|"21001111234214324000000000"|"null"|"危飞荷"|"14"|"null"|"null"|"11"|"410927197701132901"|"null"|"@N"|"20190903000000"
"99730000"|"F1008933000019"|"团UAT驾乘人员"|"21100012332432423423452301"|"null"|"王晓"|"14"|"null"|"null"|"11"|"421202197911076095"|"null"|"@N"|"20190903000000"
"99730000"|"F1008933000019"|"飞行员执照丧失测试UAT"|"21001122343252352353250006"|"null"|"王晓"|"14"|"null"|"null"|"11"|"421202197911076095"|"null"|"@N"|"20190903000000"
"99730000"|"F1008933000019"|"飞行员执照丧失保险UAT"|"21001111234214324000000000"|"null"|"王晓"|"14"|"null"|"null"|"11"|"421202197911076095"|"null"|"@N"|"20190903000000"
"99730000"|"F1008933000019"|"团UAT驾乘人员"|"21100012332432423423452301"|"null"|"王晓"|"14"|"null"|"null"|"11"|"440114197702034342"|"null"|"@N"|"20190903000000"
"99730000"|"F1008933000019"|"飞行员执照丧失测试UAT"|"21001122343252352353250006"|"null"|"王晓"|"14"|"null"|"null"|"11"|"440114197702034342"|"null"|"@N"|"20190903000000"
"99730000"|"F1008933000019"|"飞行员执照丧失保险UAT"|"21001111234214324000000000"|"null"|"王晓"|"14"|"null"|"null"|"11"|"440114197702034342"|"null"|"@N"|"20190903000000"
"99730000"|"F1008933000019"|"团UAT驾乘人员"|"21100012332432423423452301"|"null"|"赵六"|"14"|"null"|"null"|"11"|"450331197708200910"|"null"|"@N"|"20190903000000"
"99730000"|"F1008933000019"|"飞行员执照丧失测试UAT"|"21001122343252352353250006"|"null"|"赵六"|"14"|"null"|"null"|"11"|"450331197708200910"|"null"|"@N"|"20190903000000"
"99730000"|"F1008933000019"|"飞行员执照丧失保险UAT"|"21001111234214324000000000"|"null"|"赵六"|"14"|"null"|"null"|"11"|"450331197708200910"|"null"|"@N"|"20190903000000"
"99730000"|"F1008933000019"|"团UAT驾乘人员"|"21100012332432423423452301"|"null"|"欧阳组合"|"14"|"null"|"中国甘肃省白银市靖远县hahha"|"11"|"460106197804151228"|"null"|"@N"|"20190903000000"
"99730000"|"F1008933000019"|"飞行员执照丧失测试UAT"|"21001122343252352353250006"|"null"|"欧阳组合"|"14"|"null"|"中国甘肃省白银市靖远县hahha"|"11"|"460106197804151228"|"null"|"@N"|"20190903000000"
"99730000"|"F1008933000019"|"飞行员执照丧失保险UAT"|"21001111234214324000000000"|"null"|"欧阳组合"|"14"|"null"|"中国甘肃省白银市靖远县hahha"|"11"|"460106197804151228"|"null"|"@N"|"20190903000000"
"99730000"|"F1008933000019"|"团UAT驾乘人员"|"21100012332432423423452301"|"null"|"缪冰真"|"14"|"null"|"null"|"11"|"513437198009221226"|"null"|"@N"|"20190903000000"
"99730000"|"F1008933000019"|"飞行员执照丧失测试UAT"|"21001122343252352353250006"|"null"|"缪冰真"|"14"|"null"|"null"|"11"|"513437198009221226"|"null"|"@N"|"20190903000000"
"99730000"|"F1008933000019"|"飞行员执照丧失保险UAT"|"21001111234214324000000000"|"null"|"缪冰真"|"14"|"null"|"null"|"11"|"513437198009221226"|"null"|"@N"|"20190903000000"
"99730000"|"F1008933000019"|"团UAT驾乘人员"|"21100012332432423423452301"|"null"|"白雪公主"|"14"|"null"|"中国北京市东城区科技大道100号"|"11"|"530124198005256985"|"20190730"|"@N"|"20190903000000"
"99730000"|"F1008933000019"|"飞行员执照丧失测试UAT"|"21001122343252352353250006"|"null"|"白雪公主"|"14"|"null"|"中国北京市东城区科技大道100号"|"11"|"530124198005256985"|"20190730"|"@N"|"20190903000000"
"99730000"|"F1008933000019"|"飞行员执照丧失保险UAT"|"21001111234214324000000000"|"null"|"白雪公主"|"14"|"null"|"中国北京市东城区科技大道100号"|"11"|"530124198005256985"|"20190730"|"@N"|"20190903000000"
"99730000"|"F1008933000019"|"团UAT驾乘人员"|"21100012332432423423452301"|"null"|"王五"|"14"|"null"|"null"|"11"|"530302198309089437"|"null"|"@N"|"20190903000000"
"99730000"|"F1008933000019"|"飞行员执照丧失测试UAT"|"21001122343252352353250006"|"null"|"王五"|"14"|"null"|"null"|"11"|"530302198309089437"|"null"|"@N"|"20190903000000"
"99730000"|"F1008933000019"|"飞行员执照丧失保险UAT"|"21001111234214324000000000"|"null"|"王五"|"14"|"null"|"null"|"11"|"530302198309089437"|"null"|"@N"|"20190903000000"
"99730000"|"F1008933000019"|"团UAT驾乘人员"|"21100012332432423423452301"|"null"|"陈飞烟"|"14"|"null"|"null"|"11"|"530826197910274100"|"null"|"@N"|"20190903000000"
"99730000"|"F1008933000019"|"飞行员执照丧失测试UAT"|"21001122343252352353250006"|"null"|"陈飞烟"|"14"|"null"|"null"|"11"|"530826197910274100"|"null"|"@N"|"20190903000000"
"99730000"|"F1008933000019"|"飞行员执照丧失保险UAT"|"21001111234214324000000000"|"null"|"陈飞烟"|"14"|"null"|"null"|"11"|"530826197910274100"|"null"|"@N"|"20190903000000"
"99730000"|"F1008933000019"|"团UAT驾乘人员"|"21100012332432423423452301"|"null"|"裴向雁"|"14"|"null"|"null"|"11"|"610502198510017321"|"null"|"@N"|"20190903000000"
"99730000"|"F1008933000019"|"飞行员执照丧失测试UAT"|"21001122343252352353250006"|"null"|"裴向雁"|"14"|"null"|"null"|"11"|"610502198510017321"|"null"|"@N"|"20190903000000"
"99730000"|"F1008933000019"|"飞行员执照丧失保险UAT"|"21001111234214324000000000"|"null"|"裴向雁"|"14"|"null"|"null"|"11"|"610502198510017321"|"null"|"@N"|"20190903000000"
"99730000"|"F1008933000019"|"团单测试"|"21001125145145100000000000"|"null"|"NV75101"|"14"|"null"|"null"|"14"|"123456789"|"null"|"@N"|"20190903000000"
"99730000"|"F1008933000019"|"团单测试"|"21001125145145100000000000"|"null"|"NV75101"|"14"|"null"|"null"|"14"|"123456789"|"null"|"@N"|"20190903000000"
"99730000"|"F1008933000019"|"团UAT驾乘人员"|"21100012332432423423452301"|"null"|"NV75101"|"14"|"null"|"null"|"14"|"342211198704067896"|"null"|"@N"|"20190903000000"
"99730000"|"F1008933000019"|"上海宏盛电子有限公司"|"21001129900022093300000000"|"null"|"NV75101"|"14"|"null"|"null"|"14"|"342211198704067896"|"null"|"@N"|"20190903000000"
"99730000"|"F1008933000019"|"团单测试"|"21001125145145100000000000"|"null"|"NV75101"|"14"|"null"|"null"|"14"|"342211198704067896"|"null"|"@N"|"20190903000000"
"99730000"|"F1008933000019"|"团UAT驾乘人员"|"21100012332432423423452301"|"null"|"性感诸葛，在线发牌"|"14"|"null"|"中国福建省福州市平潭县122123123"|"18"|"123456789"|"null"|"@N"|"20190903000000"
"99730000"|"F1008933000019"|"上海宏盛电子有限公司"|"21001129900022093300000000"|"null"|"性感诸葛，在线发牌"|"14"|"null"|"中国福建省福州市平潭县122123123"|"18"|"123456789"|"null"|"@N"|"20190903000000"
"99730000"|"F1008933000019"|"团单测试"|"21001125145145100000000000"|"null"|"性感诸葛，在线发牌"|"14"|"null"|"中国福建省福州市平潭县122123123"|"18"|"123456789"|"null"|"@N"|"20190903000000"
"99730000"|"F1008933000019"|"团UAT驾乘人员"|"21100012332432423423452301"|"null"|"NV75101"|"14"|"null"|"null"|"18"|"12346"|"null"|"@N"|"20190903000000"
"99730000"|"F1008933000019"|"上海宏盛电子有限公司"|"21001129900022093300000000"|"null"|"NV75101"|"14"|"null"|"null"|"18"|"12346"|"null"|"@N"|"20190903000000"
"99730000"|"F1008933000019"|"团单测试"|"21001125145145100000000000"|"null"|"NV75101"|"14"|"null"|"null"|"18"|"12346"|"null"|"@N"|"20190903000000"
"99730000"|"F1008933000019"|"团单测试"|"21001125145145100000000000"|"null"|"NV75101"|"14"|"null"|"null"|"18"|"12346"|"null"|"@N"|"20190903000000"
"99730000"|"F1008933000019"|"团单测试"|"21001125145145100000000000"|"null"|"NV75101"|"14"|"null"|"null"|"18"|"12346"|"null"|"@N"|"20190903000000"
"99730000"|"F1008933000019"|"玉藻前葫芦兄弟黑科技股份有限公司"|"21001128000000008000000000"|"null"|"NV75101"|"14"|"null"|"null"|"14"|"342211198704067896"|"null"|"@N"|"20190903000000"
"99730000"|"F1008933000019"|"玉藻前葫芦兄弟黑科技股份有限公司"|"21001128000000008000000000"|"null"|"性感诸葛，在线发牌"|"14"|"null"|"中国福建省福州市平潭县122123123"|"18"|"123456789"|"null"|"@N"|"20190903000000"
"99730000"|"F1008933000019"|"玉藻前葫芦兄弟黑科技股份有限公司"|"21001128000000008000000000"|"null"|"NV75101"|"14"|"null"|"null"|"18"|"12346"|"null"|"@N"|"20190903000000"
"99730000"|"F1008933000019"|"MOT测试股份有限公司"|"21100092321341200000000000"|"null"|"云盼芙"|"14"|"null"|"null"|"11"|"130927198809101848"|"null"|"@N"|"20190903000000"
"99730000"|"F1008933000019"|"MOT测试分期股份有限公司"|"21100091243212121213000004"|"null"|"云盼芙"|"14"|"null"|"null"|"11"|"130927198809101848"|"null"|"@N"|"20190903000000"
"99730000"|"F1008933000019"|"MOT测试股份有限公司"|"21100092321341200000000000"|"null"|"柯乐蓉"|"14"|"null"|"null"|"11"|"140829199302121122"|"null"|"@N"|"20190903000000"
"99730000"|"F1008933000019"|"MOT测试分期股份有限公司"|"21100091243212121213000004"|"null"|"柯乐蓉"|"14"|"null"|"null"|"11"|"140829199302121122"|"null"|"@N"|"20190903000000"
"99730000"|"F1008933000019"|"MOT测试股份有限公司"|"21100092321341200000000000"|"null"|"邹千亦"|"14"|"null"|"null"|"11"|"140921197510079024"|"null"|"@N"|"20190903000000"
"99730000"|"F1008933000019"|"MOT测试分期股份有限公司"|"21100091243212121213000004"|"null"|"邹千亦"|"14"|"null"|"null"|"11"|"140921197510079024"|"null"|"@N"|"20190903000000"
"99730000"|"F1008933000019"|"MOT测试股份有限公司"|"21100092321341200000000000"|"null"|"谈谷梦"|"14"|"null"|"null"|"11"|"141033199105153688"|"null"|"@N"|"20190903000000"
"99730000"|"F1008933000019"|"MOT测试分期股份有限公司"|"21100091243212121213000004"|"null"|"谈谷梦"|"14"|"null"|"null"|"11"|"141033199105153688"|"null"|"@N"|"20190903000000"
"99730000"|"F1008933000019"|"MOT测试股份有限公司"|"21100092321341200000000000"|"null"|"李泽"|"14"|"null"|"null"|"11"|"150785197904177746"|"null"|"@N"|"20190903000000"
"99730000"|"F1008933000019"|"MOT测试分期股份有限公司"|"21100091243212121213000004"|"null"|"李泽"|"14"|"null"|"null"|"11"|"150785197904177746"|"null"|"@N"|"20190903000000"
"99730000"|"F1008933000019"|"MOT测试股份有限公司"|"21100092321341200000000000"|"null"|"熊秋珊"|"14"|"null"|"null"|"11"|"210803198105034425"|"null"|"@N"|"20190903000000"
"99730000"|"F1008933000019"|"MOT测试分期股份有限公司"|"21100091243212121213000004"|"null"|"熊秋珊"|"14"|"null"|"null"|"11"|"210803198105034425"|"null"|"@N"|"20190903000000"
"99730000"|"F1008933000019"|"MOT测试股份有限公司"|"21100092321341200000000000"|"null"|"任静槐"|"14"|"null"|"null"|"11"|"231004197710012665"|"null"|"@N"|"20190903000000"
"99730000"|"F1008933000019"|"MOT测试分期股份有限公司"|"21100091243212121213000004"|"null"|"任静槐"|"14"|"null"|"null"|"11"|"231004197710012665"|"null"|"@N"|"20190903000000"
"99730000"|"F1008933000019"|"sandwich"|"21100019876543000000000000"|"null"|"大头"|"14"|"null"|"null"|"11"|"342211198704067896"|"null"|"@N"|"20190903000000"
"99730000"|"F1008933000019"|"猴菇猴菇饼干有限公司"|"21001122345678000000000000"|"null"|"大头"|"14"|"null"|"null"|"11"|"342211198704067896"|"null"|"@N"|"20190903000000"
"99730000"|"F1008933000019"|"sandwich"|"21100019876543000000000000"|"null"|"大头"|"14"|"null"|"null"|"11"|"342211198704067896"|"null"|"@N"|"20190903000000"
"99730000"|"F1008933000019"|"speck"|"21001122345670000000000000"|"null"|"大头"|"14"|"null"|"null"|"11"|"342211198704067896"|"null"|"@N"|"20190903000000"
"99730000"|"F1008933000019"|"上海宏盛电子有限公司"|"21001129900022093300000000"|"null"|"大头"|"14"|"null"|"null"|"11"|"342211198704067896"|"null"|"@N"|"20190903000000"
"99730000"|"F1008933000019"|"上海宏盛电子有限公司"|"21001129900022093300000000"|"null"|"大头"|"14"|"null"|"null"|"11"|"342211198704067896"|"null"|"@N"|"20190903000000"
"99730000"|"F1008933000019"|"MOT测试股份有限公司"|"21100092321341200000000000"|"null"|"章语柳"|"14"|"null"|"null"|"11"|"350322198112146903"|"null"|"@N"|"20190903000000"
"99730000"|"F1008933000019"|"MOT测试分期股份有限公司"|"21100091243212121213000004"|"null"|"章语柳"|"14"|"null"|"null"|"11"|"350322198112146903"|"null"|"@N"|"20190903000000"
"99730000"|"F1008933000019"|"MOT测试股份有限公司"|"21100092321341200000000000"|"null"|"柳飞烟"|"14"|"null"|"null"|"11"|"360402198303036303"|"null"|"@N"|"20190903000000"
"99730000"|"F1008933000019"|"MOT测试分期股份有限公司"|"21100091243212121213000004"|"null"|"柳飞烟"|"14"|"null"|"null"|"11"|"360402198303036303"|"null"|"@N"|"20190903000000"
"99730000"|"F1008933000019"|"MOT测试股份有限公司"|"21100092321341200000000000"|"null"|"袁白亦"|"14"|"null"|"null"|"11"|"410305198103211865"|"null"|"@N"|"20190903000000"
"99730000"|"F1008933000019"|"MOT测试分期股份有限公司"|"21100091243212121213000004"|"null"|"袁白亦"|"14"|"null"|"null"|"11"|"410305198103211865"|"null"|"@N"|"20190903000000"
"99730000"|"F1008933000019"|"MOT测试股份有限公司"|"21100092321341200000000000"|"null"|"危飞荷"|"14"|"null"|"null"|"11"|"410927197701132901"|"null"|"@N"|"20190903000000"
"99730000"|"F1008933000019"|"MOT测试分期股份有限公司"|"21100091243212121213000004"|"null"|"危飞荷"|"14"|"null"|"null"|"11"|"410927197701132901"|"null"|"@N"|"20190903000000"
"99730000"|"F1008933000019"|"MOT测试股份有限公司"|"21100092321341200000000000"|"null"|"王晓"|"14"|"null"|"null"|"11"|"421202197911076095"|"null"|"@N"|"20190903000000"
"99730000"|"F1008933000019"|"MOT测试分期股份有限公司"|"21100091243212121213000004"|"null"|"王晓"|"14"|"null"|"null"|"11"|"421202197911076095"|"null"|"@N"|"20190903000000"
"99730000"|"F1008933000019"|"MOT测试股份有限公司"|"21100092321341200000000000"|"null"|"王晓"|"14"|"null"|"null"|"11"|"440114197702034342"|"null"|"@N"|"20190903000000"
"99730000"|"F1008933000019"|"MOT测试分期股份有限公司"|"21100091243212121213000004"|"null"|"王晓"|"14"|"null"|"null"|"11"|"440114197702034342"|"null"|"@N"|"20190903000000"
"99730000"|"F1008933000019"|"MOT测试股份有限公司"|"21100092321341200000000000"|"null"|"赵六"|"14"|"null"|"null"|"11"|"450331197708200910"|"null"|"@N"|"20190903000000"
"99730000"|"F1008933000019"|"MOT测试分期股份有限公司"|"21100091243212121213000004"|"null"|"赵六"|"14"|"null"|"null"|"11"|"450331197708200910"|"null"|"@N"|"20190903000000"
"99730000"|"F1008933000019"|"MOT测试股份有限公司"|"21100092321341200000000000"|"null"|"欧阳组合"|"14"|"null"|"中国甘肃省白银市靖远县hahha"|"11"|"460106197804151228"|"null"|"@N"|"20190903000000"
"99730000"|"F1008933000019"|"MOT测试分期股份有限公司"|"21100091243212121213000004"|"null"|"欧阳组合"|"14"|"null"|"中国甘肃省白银市靖远县hahha"|"11"|"460106197804151228"|"null"|"@N"|"20190903000000"
"99730000"|"F1008933000019"|"MOT测试股份有限公司"|"21100092321341200000000000"|"null"|"缪冰真"|"14"|"null"|"null"|"11"|"513437198009221226"|"null"|"@N"|"20190903000000"
"99730000"|"F1008933000019"|"MOT测试分期股份有限公司"|"21100091243212121213000004"|"null"|"缪冰真"|"14"|"null"|"null"|"11"|"513437198009221226"|"null"|"@N"|"20190903000000"
"99730000"|"F1008933000019"|"MOT测试股份有限公司"|"21100092321341200000000000"|"null"|"白雪公主"|"14"|"null"|"中国北京市东城区科技大道100号"|"11"|"530124198005256985"|"20190730"|"@N"|"20190903000000"
"99730000"|"F1008933000019"|"MOT测试分期股份有限公司"|"21100091243212121213000004"|"null"|"白雪公主"|"14"|"null"|"中国北京市东城区科技大道100号"|"11"|"530124198005256985"|"20190730"|"@N"|"20190903000000"
"99730000"|"F1008933000019"|"MOT测试股份有限公司"|"21100092321341200000000000"|"null"|"陈飞烟"|"14"|"null"|"null"|"11"|"530826197910274100"|"null"|"@N"|"20190903000000"
"99730000"|"F1008933000019"|"MOT测试分期股份有限公司"|"21100091243212121213000004"|"null"|"陈飞烟"|"14"|"null"|"null"|"11"|"530826197910274100"|"null"|"@N"|"20190903000000"
"99730000"|"F1008933000019"|"MOT测试股份有限公司"|"21100092321341200000000000"|"null"|"裴向雁"|"14"|"null"|"null"|"11"|"610502198510017321"|"null"|"@N"|"20190903000000"
"99730000"|"F1008933000019"|"MOT测试分期股份有限公司"|"21100091243212121213000004"|"null"|"裴向雁"|"14"|"null"|"null"|"11"|"610502198510017321"|"null"|"@N"|"20190903000000"
"99730000"|"F1008933000019"|"sandwich"|"21100019876543000000000000"|"null"|"NV75101"|"14"|"null"|"null"|"12"|"12346"|"null"|"@N"|"20190903000000"
"99730000"|"F1008933000019"|"猴菇猴菇饼干有限公司"|"21001122345678000000000000"|"null"|"NV75101"|"14"|"null"|"null"|"12"|"12346"|"null"|"@N"|"20190903000000"
"99730000"|"F1008933000019"|"sandwich"|"21100019876543000000000000"|"null"|"NV75101"|"14"|"null"|"null"|"12"|"12346"|"null"|"@N"|"20190903000000"
"99730000"|"F1008933000019"|"speck"|"21001122345670000000000000"|"null"|"NV75101"|"14"|"null"|"null"|"12"|"12346"|"null"|"@N"|"20190903000000"
"99730000"|"F1008933000019"|"上海宏盛电子有限公司"|"21001129900022093300000000"|"null"|"NV75101"|"14"|"null"|"null"|"12"|"12346"|"null"|"@N"|"20190903000000"
"99730000"|"F1008933000019"|"上海宏盛电子有限公司"|"21001129900022093300000000"|"null"|"NV75101"|"14"|"null"|"null"|"12"|"12346"|"null"|"@N"|"20190903000000"
"99730000"|"F1008933000019"|"MOT测试股份有限公司"|"21100092321341200000000000"|"null"|"NV75101"|"14"|"null"|"null"|"12"|"530302198309089437"|"null"|"@N"|"20190903000000"
"99730000"|"F1008933000019"|"MOT测试分期股份有限公司"|"21100091243212121213000004"|"null"|"NV75101"|"14"|"null"|"null"|"12"|"530302198309089437"|"null"|"@N"|"20190903000000"
"99730000"|"F1008933000019"|"sandwich"|"21100019876543000000000000"|"null"|"性感诸葛，在线发牌"|"14"|"null"|"中国福建省福州市平潭县122123123"|"18"|"123456789"|"null"|"@N"|"20190903000000"
"99730000"|"F1008933000019"|"猴菇猴菇饼干有限公司"|"21001122345678000000000000"|"null"|"性感诸葛，在线发牌"|"14"|"null"|"中国福建省福州市平潭县122123123"|"18"|"123456789"|"null"|"@N"|"20190903000000"
"99730000"|"F1008933000019"|"sandwich"|"21100019876543000000000000"|"null"|"性感诸葛，在线发牌"|"14"|"null"|"中国福建省福州市平潭县122123123"|"18"|"123456789"|"null"|"@N"|"20190903000000"
"99730000"|"F1008933000019"|"speck"|"21001122345670000000000000"|"null"|"性感诸葛，在线发牌"|"14"|"null"|"中国福建省福州市平潭县122123123"|"18"|"123456789"|"null"|"@N"|"20190903000000"
"99730000"|"F1008933000019"|"上海宏盛电子有限公司"|"21001129900022093300000000"|"null"|"性感诸葛，在线发牌"|"14"|"null"|"中国福建省福州市平潭县122123123"|"18"|"123456789"|"null"|"@N"|"20190903000000"
"99730000"|"F1008933000019"|"上海宏盛电子有限公司"|"21001129900022093300000000"|"null"|"性感诸葛，在线发牌"|"14"|"null"|"中国福建省福州市平潭县122123123"|"18"|"123456789"|"null"|"@N"|"20190903000000"
"99730000"|"F1008933000019"|"MOT主共保测试股份有限公司"|"21100093214231431200000000"|"null"|"云盼芙"|"14"|"null"|"null"|"11"|"130927198809101848"|"null"|"@N"|"20190903000000"
"99730000"|"F1008933000019"|"MOT主共保分期测试有限公司"|"21100092134214214123400000"|"null"|"云盼芙"|"14"|"null"|"null"|"11"|"130927198809101848"|"null"|"@N"|"20190903000000"
"99730000"|"F1008933000019"|"MOT从共保测试有限公司"|"21100092314321421000000000"|"null"|"云盼芙"|"14"|"null"|"null"|"11"|"130927198809101848"|"null"|"@N"|"20190903000000"
"99730000"|"F1008933000019"|"MOT从共分期股份有限公司"|"21100091234321432432432005"|"null"|"云盼芙"|"14"|"null"|"null"|"11"|"130927198809101848"|"null"|"@N"|"20190903000000"
"99730000"|"F1008933000019"|"MOT主共保测试股份有限公司"|"21100093214231431200000000"|"null"|"柯乐蓉"|"14"|"null"|"null"|"11"|"140829199302121122"|"null"|"@N"|"20190903000000"
"99730000"|"F1008933000019"|"MOT主共保分期测试有限公司"|"21100092134214214123400000"|"null"|"柯乐蓉"|"14"|"null"|"null"|"11"|"140829199302121122"|"null"|"@N"|"20190903000000"
"99730000"|"F1008933000019"|"MOT从共保测试有限公司"|"21100092314321421000000000"|"null"|"柯乐蓉"|"14"|"null"|"null"|"11"|"140829199302121122"|"null"|"@N"|"20190903000000"
"99730000"|"F1008933000019"|"MOT从共分期股份有限公司"|"21100091234321432432432005"|"null"|"柯乐蓉"|"14"|"null"|"null"|"11"|"140829199302121122"|"null"|"@N"|"20190903000000"
"99730000"|"F1008933000019"|"MOT主共保测试股份有限公司"|"21100093214231431200000000"|"null"|"邹千亦"|"14"|"null"|"null"|"11"|"140921197510079024"|"null"|"@N"|"20190903000000"
"99730000"|"F1008933000019"|"MOT主共保分期测试有限公司"|"21100092134214214123400000"|"null"|"邹千亦"|"14"|"null"|"null"|"11"|"140921197510079024"|"null"|"@N"|"20190903000000"
"99730000"|"F1008933000019"|"MOT从共保测试有限公司"|"21100092314321421000000000"|"null"|"邹千亦"|"14"|"null"|"null"|"11"|"140921197510079024"|"null"|"@N"|"20190903000000"
"99730000"|"F1008933000019"|"MOT从共分期股份有限公司"|"21100091234321432432432005"|"null"|"邹千亦"|"14"|"null"|"null"|"11"|"140921197510079024"|"null"|"@N"|"20190903000000"
"99730000"|"F1008933000019"|"MOT主共保测试股份有限公司"|"21100093214231431200000000"|"null"|"谈谷梦"|"14"|"null"|"null"|"11"|"141033199105153688"|"null"|"@N"|"20190903000000"
"99730000"|"F1008933000019"|"MOT主共保分期测试有限公司"|"21100092134214214123400000"|"null"|"谈谷梦"|"14"|"null"|"null"|"11"|"141033199105153688"|"null"|"@N"|"20190903000000"
"99730000"|"F1008933000019"|"MOT从共保测试有限公司"|"21100092314321421000000000"|"null"|"谈谷梦"|"14"|"null"|"null"|"11"|"141033199105153688"|"null"|"@N"|"20190903000000"
"99730000"|"F1008933000019"|"MOT从共分期股份有限公司"|"21100091234321432432432005"|"null"|"谈谷梦"|"14"|"null"|"null"|"11"|"141033199105153688"|"null"|"@N"|"20190903000000"
"99730000"|"F1008933000019"|"MOT主共保测试股份有限公司"|"21100093214231431200000000"|"null"|"李泽"|"14"|"null"|"null"|"11"|"150785197904177746"|"null"|"@N"|"20190903000000"
"99730000"|"F1008933000019"|"MOT主共保分期测试有限公司"|"21100092134214214123400000"|"null"|"李泽"|"14"|"null"|"null"|"11"|"150785197904177746"|"null"|"@N"|"20190903000000"
"99730000"|"F1008933000019"|"MOT从共保测试有限公司"|"21100092314321421000000000"|"null"|"李泽"|"14"|"null"|"null"|"11"|"150785197904177746"|"null"|"@N"|"20190903000000"
"99730000"|"F1008933000019"|"MOT从共分期股份有限公司"|"21100091234321432432432005"|"null"|"李泽"|"14"|"null"|"null"|"11"|"150785197904177746"|"null"|"@N"|"20190903000000"
"99730000"|"F1008933000019"|"MOT主共保测试股份有限公司"|"21100093214231431200000000"|"null"|"熊秋珊"|"14"|"null"|"null"|"11"|"210803198105034425"|"null"|"@N"|"20190903000000"
"99730000"|"F1008933000019"|"MOT主共保分期测试有限公司"|"21100092134214214123400000"|"null"|"熊秋珊"|"14"|"null"|"null"|"11"|"210803198105034425"|"null"|"@N"|"20190903000000"
"99730000"|"F1008933000019"|"MOT从共保测试有限公司"|"21100092314321421000000000"|"null"|"熊秋珊"|"14"|"null"|"null"|"11"|"210803198105034425"|"null"|"@N"|"20190903000000"
"99730000"|"F1008933000019"|"MOT从共分期股份有限公司"|"21100091234321432432432005"|"null"|"熊秋珊"|"14"|"null"|"null"|"11"|"210803198105034425"|"null"|"@N"|"20190903000000"
"99730000"|"F1008933000019"|"MOT主共保测试股份有限公司"|"21100093214231431200000000"|"null"|"任静槐"|"14"|"null"|"null"|"11"|"231004197710012665"|"null"|"@N"|"20190903000000"
"99730000"|"F1008933000019"|"MOT主共保分期测试有限公司"|"21100092134214214123400000"|"null"|"任静槐"|"14"|"null"|"null"|"11"|"231004197710012665"|"null"|"@N"|"20190903000000"
"99730000"|"F1008933000019"|"MOT从共保测试有限公司"|"21100092314321421000000000"|"null"|"任静槐"|"14"|"null"|"null"|"11"|"231004197710012665"|"null"|"@N"|"20190903000000"
"99730000"|"F1008933000019"|"MOT从共分期股份有限公司"|"21100091234321432432432005"|"null"|"任静槐"|"14"|"null"|"null"|"11"|"231004197710012665"|"null"|"@N"|"20190903000000"
"99730000"|"F1008933000019"|"MOT测试股份有限公司"|"21100092321341200000000000"|"null"|"大头"|"14"|"null"|"null"|"11"|"342211198704067896"|"null"|"@N"|"20190903000000"
"99730000"|"F1008933000019"|"MOT测试股份有限公司"|"21100092321341200000000000"|"null"|"大头"|"14"|"null"|"null"|"11"|"342211198704067896"|"null"|"@N"|"20190903000000"
"99730000"|"F1008933000019"|"语焉不详调研咨询公司"|"21100022345678000000000000"|"null"|"大头"|"14"|"null"|"null"|"11"|"342211198704067896"|"null"|"@N"|"20190903000000"
"99730000"|"F1008933000019"|"狗十三"|"21100015132132143251300000"|"null"|"大头"|"14"|"null"|"null"|"11"|"342211198704067896"|"null"|"@N"|"20190903000000"
"99730000"|"F1008933000019"|"狗十三"|"21100015132132143251300000"|"null"|"大头"|"14"|"null"|"null"|"11"|"342211198704067896"|"null"|"@N"|"20190903000000"
"99730000"|"F1008933000019"|"狗十三-李玩"|"21100024123123400000000000"|"null"|"大头"|"14"|"null"|"null"|"11"|"342211198704067896"|"null"|"@N"|"20190903000000"
"99730000"|"F1008933000019"|"狗十三"|"21100015132132143251300000"|"null"|"大头"|"14"|"null"|"null"|"11"|"342211198704067896"|"null"|"@N"|"20190903000000"
"99730000"|"F1008933000019"|"狗十三"|"21100015132132143251300000"|"null"|"大头"|"14"|"null"|"null"|"11"|"342211198704067896"|"null"|"@N"|"20190903000000"
"99730000"|"F1008933000019"|"MOT主共保测试股份有限公司"|"21100093214231431200000000"|"null"|"章语柳"|"14"|"null"|"null"|"11"|"350322198112146903"|"null"|"@N"|"20190903000000"
"99730000"|"F1008933000019"|"MOT主共保分期测试有限公司"|"21100092134214214123400000"|"null"|"章语柳"|"14"|"null"|"null"|"11"|"350322198112146903"|"null"|"@N"|"20190903000000"
"99730000"|"F1008933000019"|"MOT从共保测试有限公司"|"21100092314321421000000000"|"null"|"章语柳"|"14"|"null"|"null"|"11"|"350322198112146903"|"null"|"@N"|"20190903000000"
"99730000"|"F1008933000019"|"MOT从共分期股份有限公司"|"21100091234321432432432005"|"null"|"章语柳"|"14"|"null"|"null"|"11"|"350322198112146903"|"null"|"@N"|"20190903000000"
"99730000"|"F1008933000019"|"MOT主共保测试股份有限公司"|"21100093214231431200000000"|"null"|"柳飞烟"|"14"|"null"|"null"|"11"|"360402198303036303"|"null"|"@N"|"20190903000000"
"99730000"|"F1008933000019"|"MOT主共保分期测试有限公司"|"21100092134214214123400000"|"null"|"柳飞烟"|"14"|"null"|"null"|"11"|"360402198303036303"|"null"|"@N"|"20190903000000"
"99730000"|"F1008933000019"|"MOT从共保测试有限公司"|"21100092314321421000000000"|"null"|"柳飞烟"|"14"|"null"|"null"|"11"|"360402198303036303"|"null"|"@N"|"20190903000000"
"99730000"|"F1008933000019"|"MOT从共分期股份有限公司"|"21100091234321432432432005"|"null"|"柳飞烟"|"14"|"null"|"null"|"11"|"360402198303036303"|"null"|"@N"|"20190903000000"
"99730000"|"F1008933000019"|"MOT主共保测试股份有限公司"|"21100093214231431200000000"|"null"|"袁白亦"|"14"|"null"|"null"|"11"|"410305198103211865"|"null"|"@N"|"20190903000000"
"99730000"|"F1008933000019"|"MOT主共保分期测试有限公司"|"21100092134214214123400000"|"null"|"袁白亦"|"14"|"null"|"null"|"11"|"410305198103211865"|"null"|"@N"|"20190903000000"
"99730000"|"F1008933000019"|"MOT从共保测试有限公司"|"21100092314321421000000000"|"null"|"袁白亦"|"14"|"null"|"null"|"11"|"410305198103211865"|"null"|"@N"|"20190903000000"
"99730000"|"F1008933000019"|"MOT从共分期股份有限公司"|"21100091234321432432432005"|"null"|"袁白亦"|"14"|"null"|"null"|"11"|"410305198103211865"|"null"|"@N"|"20190903000000"
"99730000"|"F1008933000019"|"MOT主共保测试股份有限公司"|"21100093214231431200000000"|"null"|"危飞荷"|"14"|"null"|"null"|"11"|"410927197701132901"|"null"|"@N"|"20190903000000"
"99730000"|"F1008933000019"|"MOT主共保分期测试有限公司"|"21100092134214214123400000"|"null"|"危飞荷"|"14"|"null"|"null"|"11"|"410927197701132901"|"null"|"@N"|"20190903000000"
"99730000"|"F1008933000019"|"MOT从共保测试有限公司"|"21100092314321421000000000"|"null"|"危飞荷"|"14"|"null"|"null"|"11"|"410927197701132901"|"null"|"@N"|"20190903000000"
"99730000"|"F1008933000019"|"MOT从共分期股份有限公司"|"21100091234321432432432005"|"null"|"危飞荷"|"14"|"null"|"null"|"11"|"410927197701132901"|"null"|"@N"|"20190903000000"
"99730000"|"F1008933000019"|"MOT主共保测试股份有限公司"|"21100093214231431200000000"|"null"|"王晓"|"14"|"null"|"null"|"11"|"421202197911076095"|"null"|"@N"|"20190903000000"
"99730000"|"F1008933000019"|"MOT主共保分期测试有限公司"|"21100092134214214123400000"|"null"|"王晓"|"14"|"null"|"null"|"11"|"421202197911076095"|"null"|"@N"|"20190903000000"
"99730000"|"F1008933000019"|"MOT从共保测试有限公司"|"21100092314321421000000000"|"null"|"王晓"|"14"|"null"|"null"|"11"|"421202197911076095"|"null"|"@N"|"20190903000000"
"99730000"|"F1008933000019"|"MOT从共分期股份有限公司"|"21100091234321432432432005"|"null"|"王晓"|"14"|"null"|"null"|"11"|"421202197911076095"|"null"|"@N"|"20190903000000"
"99730000"|"F1008933000019"|"MOT主共保测试股份有限公司"|"21100093214231431200000000"|"null"|"王晓"|"14"|"null"|"null"|"11"|"440114197702034342"|"null"|"@N"|"20190903000000"
"99730000"|"F1008933000019"|"MOT主共保分期测试有限公司"|"21100092134214214123400000"|"null"|"王晓"|"14"|"null"|"null"|"11"|"440114197702034342"|"null"|"@N"|"20190903000000"
"99730000"|"F1008933000019"|"MOT从共保测试有限公司"|"21100092314321421000000000"|"null"|"王晓"|"14"|"null"|"null"|"11"|"440114197702034342"|"null"|"@N"|"20190903000000"
"99730000"|"F1008933000019"|"MOT从共分期股份有限公司"|"21100091234321432432432005"|"null"|"王晓"|"14"|"null"|"null"|"11"|"440114197702034342"|"null"|"@N"|"20190903000000"
"99730000"|"F1008933000019"|"MOT主共保测试股份有限公司"|"21100093214231431200000000"|"null"|"赵六"|"14"|"null"|"null"|"11"|"450331197708200910"|"null"|"@N"|"20190903000000"
"99730000"|"F1008933000019"|"MOT主共保分期测试有限公司"|"21100092134214214123400000"|"null"|"赵六"|"14"|"null"|"null"|"11"|"450331197708200910"|"null"|"@N"|"20190903000000"
"99730000"|"F1008933000019"|"MOT从共保测试有限公司"|"21100092314321421000000000"|"null"|"赵六"|"14"|"null"|"null"|"11"|"450331197708200910"|"null"|"@N"|"20190903000000"
"99730000"|"F1008933000019"|"MOT从共分期股份有限公司"|"21100091234321432432432005"|"null"|"赵六"|"14"|"null"|"null"|"11"|"450331197708200910"|"null"|"@N"|"20190903000000"
"99730000"|"F1008933000019"|"MOT主共保测试股份有限公司"|"21100093214231431200000000"|"null"|"欧阳组合"|"14"|"null"|"中国甘肃省白银市靖远县hahha"|"11"|"460106197804151228"|"null"|"@N"|"20190903000000"
"99730000"|"F1008933000019"|"MOT主共保分期测试有限公司"|"21100092134214214123400000"|"null"|"欧阳组合"|"14"|"null"|"中国甘肃省白银市靖远县hahha"|"11"|"460106197804151228"|"null"|"@N"|"20190903000000"
"99730000"|"F1008933000019"|"MOT从共保测试有限公司"|"21100092314321421000000000"|"null"|"欧阳组合"|"14"|"null"|"中国甘肃省白银市靖远县hahha"|"11"|"460106197804151228"|"null"|"@N"|"20190903000000"
"99730000"|"F1008933000019"|"MOT从共分期股份有限公司"|"21100091234321432432432005"|"null"|"欧阳组合"|"14"|"null"|"中国甘肃省白银市靖远县hahha"|"11"|"460106197804151228"|"null"|"@N"|"20190903000000"
"99730000"|"F1008933000019"|"MOT主共保测试股份有限公司"|"21100093214231431200000000"|"null"|"缪冰真"|"14"|"null"|"null"|"11"|"513437198009221226"|"null"|"@N"|"20190903000000"
"99730000"|"F1008933000019"|"MOT主共保分期测试有限公司"|"21100092134214214123400000"|"null"|"缪冰真"|"14"|"null"|"null"|"11"|"513437198009221226"|"null"|"@N"|"20190903000000"
"99730000"|"F1008933000019"|"MOT从共保测试有限公司"|"21100092314321421000000000"|"null"|"缪冰真"|"14"|"null"|"null"|"11"|"513437198009221226"|"null"|"@N"|"20190903000000"
"99730000"|"F1008933000019"|"MOT从共分期股份有限公司"|"21100091234321432432432005"|"null"|"缪冰真"|"14"|"null"|"null"|"11"|"513437198009221226"|"null"|"@N"|"20190903000000"
"99730000"|"F1008933000019"|"MOT主共保测试股份有限公司"|"21100093214231431200000000"|"null"|"白雪公主"|"14"|"null"|"中国北京市东城区科技大道100号"|"11"|"530124198005256985"|"20190730"|"@N"|"20190903000000"
"99730000"|"F1008933000019"|"MOT主共保分期测试有限公司"|"21100092134214214123400000"|"null"|"白雪公主"|"14"|"null"|"中国北京市东城区科技大道100号"|"11"|"530124198005256985"|"20190730"|"@N"|"20190903000000"
"99730000"|"F1008933000019"|"MOT从共保测试有限公司"|"21100092314321421000000000"|"null"|"白雪公主"|"14"|"null"|"中国北京市东城区科技大道100号"|"11"|"530124198005256985"|"20190730"|"@N"|"20190903000000"
"99730000"|"F1008933000019"|"MOT从共分期股份有限公司"|"21100091234321432432432005"|"null"|"白雪公主"|"14"|"null"|"中国北京市东城区科技大道100号"|"11"|"530124198005256985"|"20190730"|"@N"|"20190903000000"
"99730000"|"F1008933000019"|"MOT主共保测试股份有限公司"|"21100093214231431200000000"|"null"|"陈飞烟"|"14"|"null"|"null"|"11"|"530826197910274100"|"null"|"@N"|"20190903000000"
"99730000"|"F1008933000019"|"MOT主共保分期测试有限公司"|"21100092134214214123400000"|"null"|"陈飞烟"|"14"|"null"|"null"|"11"|"530826197910274100"|"null"|"@N"|"20190903000000"
"99730000"|"F1008933000019"|"MOT从共保测试有限公司"|"21100092314321421000000000"|"null"|"陈飞烟"|"14"|"null"|"null"|"11"|"530826197910274100"|"null"|"@N"|"20190903000000"
"99730000"|"F1008933000019"|"MOT从共分期股份有限公司"|"21100091234321432432432005"|"null"|"陈飞烟"|"14"|"null"|"null"|"11"|"530826197910274100"|"null"|"@N"|"20190903000000"
"99730000"|"F1008933000019"|"MOT主共保测试股份有限公司"|"21100093214231431200000000"|"null"|"裴向雁"|"14"|"null"|"null"|"11"|"610502198510017321"|"null"|"@N"|"20190903000000"
"99730000"|"F1008933000019"|"MOT主共保分期测试有限公司"|"21100092134214214123400000"|"null"|"裴向雁"|"14"|"null"|"null"|"11"|"610502198510017321"|"null"|"@N"|"20190903000000"
"99730000"|"F1008933000019"|"MOT从共保测试有限公司"|"21100092314321421000000000"|"null"|"裴向雁"|"14"|"null"|"null"|"11"|"610502198510017321"|"null"|"@N"|"20190903000000"
"99730000"|"F1008933000019"|"MOT从共分期股份有限公司"|"21100091234321432432432005"|"null"|"裴向雁"|"14"|"null"|"null"|"11"|"610502198510017321"|"null"|"@N"|"20190903000000"
"99730000"|"F1008933000019"|"语焉不详调研咨询公司"|"21100022345678000000000000"|"null"|"NV75101"|"14"|"null"|"null"|"13"|"312324354345325"|"null"|"@N"|"20190903000000"
"99730000"|"F1008933000019"|"MOT测试股份有限公司"|"21100092321341200000000000"|"null"|"NV75101"|"14"|"null"|"null"|"12"|"12346"|"null"|"@N"|"20190903000000"
"99730000"|"F1008933000019"|"MOT测试股份有限公司"|"21100092321341200000000000"|"null"|"NV75101"|"14"|"null"|"null"|"12"|"12346"|"null"|"@N"|"20190903000000"
"99730000"|"F1008933000019"|"语焉不详调研咨询公司"|"21100022345678000000000000"|"null"|"NV75101"|"14"|"null"|"null"|"12"|"12346"|"null"|"@N"|"20190903000000"
"99730000"|"F1008933000019"|"狗十三"|"21100015132132143251300000"|"null"|"NV75101"|"14"|"null"|"null"|"12"|"12346"|"null"|"@N"|"20190903000000"
"99730000"|"F1008933000019"|"狗十三"|"21100015132132143251300000"|"null"|"NV75101"|"14"|"null"|"null"|"12"|"12346"|"null"|"@N"|"20190903000000"
"99730000"|"F1008933000019"|"狗十三-李玩"|"21100024123123400000000000"|"null"|"NV75101"|"14"|"null"|"null"|"12"|"12346"|"null"|"@N"|"20190903000000"
"99730000"|"F1008933000019"|"狗十三"|"21100015132132143251300000"|"null"|"NV75101"|"14"|"null"|"null"|"12"|"12346"|"null"|"@N"|"20190903000000"
"99730000"|"F1008933000019"|"狗十三"|"21100015132132143251300000"|"null"|"NV75101"|"14"|"null"|"null"|"12"|"12346"|"null"|"@N"|"20190903000000"
"99730000"|"F1008933000019"|"MOT主共保测试股份有限公司"|"21100093214231431200000000"|"null"|"NV75101"|"14"|"null"|"null"|"12"|"530302198309089437"|"null"|"@N"|"20190903000000"
"99730000"|"F1008933000019"|"MOT主共保分期测试有限公司"|"21100092134214214123400000"|"null"|"NV75101"|"14"|"null"|"null"|"12"|"530302198309089437"|"null"|"@N"|"20190903000000"
"99730000"|"F1008933000019"|"MOT从共保测试有限公司"|"21100092314321421000000000"|"null"|"NV75101"|"14"|"null"|"null"|"12"|"530302198309089437"|"null"|"@N"|"20190903000000"
"99730000"|"F1008933000019"|"MOT从共分期股份有限公司"|"21100091234321432432432005"|"null"|"NV75101"|"14"|"null"|"null"|"12"|"530302198309089437"|"null"|"@N"|"20190903000000"
"99730000"|"F1008933000019"|"MOT测试股份有限公司"|"21100092321341200000000000"|"null"|"性感诸葛，在线发牌"|"14"|"null"|"中国福建省福州市平潭县122123123"|"18"|"123456789"|"null"|"@N"|"20190903000000"
"99730000"|"F1008933000019"|"MOT测试股份有限公司"|"21100092321341200000000000"|"null"|"性感诸葛，在线发牌"|"14"|"null"|"中国福建省福州市平潭县122123123"|"18"|"123456789"|"null"|"@N"|"20190903000000"
"99730000"|"F1008933000019"|"语焉不详调研咨询公司"|"21100022345678000000000000"|"null"|"性感诸葛，在线发牌"|"14"|"null"|"中国福建省福州市平潭县122123123"|"18"|"123456789"|"null"|"@N"|"20190903000000"
"99730000"|"F1008933000019"|"狗十三"|"21100015132132143251300000"|"null"|"性感诸葛，在线发牌"|"14"|"null"|"中国福建省福州市平潭县122123123"|"18"|"123456789"|"null"|"@N"|"20190903000000"
"99730000"|"F1008933000019"|"狗十三"|"21100015132132143251300000"|"null"|"性感诸葛，在线发牌"|"14"|"null"|"中国福建省福州市平潭县122123123"|"18"|"123456789"|"null"|"@N"|"20190903000000"
"99730000"|"F1008933000019"|"狗十三-李玩"|"21100024123123400000000000"|"null"|"性感诸葛，在线发牌"|"14"|"null"|"中国福建省福州市平潭县122123123"|"18"|"123456789"|"null"|"@N"|"20190903000000"
"99730000"|"F1008933000019"|"狗十三"|"21100015132132143251300000"|"null"|"性感诸葛，在线发牌"|"14"|"null"|"中国福建省福州市平潭县122123123"|"18"|"123456789"|"null"|"@N"|"20190903000000"
"99730000"|"F1008933000019"|"狗十三"|"21100015132132143251300000"|"null"|"性感诸葛，在线发牌"|"14"|"null"|"中国福建省福州市平潭县122123123"|"18"|"123456789"|"null"|"@N"|"20190903000000"
"99730000"|"F1008933000019"|"上海宏盛电子有限公司"|"21001129900022093300000000"|"null"|"大头"|"14"|"null"|"null"|"11"|"342211198704067896"|"null"|"@N"|"20190903000000"
"99730000"|"F1008933000019"|"你大舅你二舅都是你舅高板凳低桌子都是木头"|"21100014560000000000000000"|"null"|"大头"|"14"|"null"|"null"|"11"|"342211198704067896"|"null"|"@N"|"20190903000000"
"99730000"|"F1008933000019"|"上海宏盛电子有限公司"|"21001129900022093300000000"|"null"|"大头"|"14"|"null"|"null"|"11"|"342211198704067896"|"null"|"@N"|"20190903000000"
"99730000"|"F1008933000019"|"上海宏盛电子有限公司"|"21001129900022093300000000"|"null"|"大头"|"14"|"null"|"null"|"11"|"342211198704067896"|"null"|"@N"|"20190903000000"
"99730000"|"F1008933000019"|"朱仝"|"21100092134567876543000007"|"null"|"大头"|"14"|"null"|"null"|"11"|"342211198704067896"|"null"|"@N"|"20190903000000"
"99730000"|"F1008933000019"|"狗十三"|"21100015132132143251300000"|"null"|"大头"|"14"|"null"|"null"|"11"|"342211198704067896"|"null"|"@N"|"20190903000000"
"99730000"|"F1008933000019"|"狗十三"|"21100015132132143251300000"|"null"|"大头"|"14"|"null"|"null"|"11"|"342211198704067896"|"null"|"@N"|"20190903000000"
"99730000"|"F1008933000019"|"狗十三"|"21100015132132143251300000"|"null"|"大头"|"14"|"null"|"null"|"11"|"342211198704067896"|"null"|"@N"|"20190903000000"
"99730000"|"F1008933000019"|"狗十三"|"21100015132132143251300000"|"null"|"大头"|"14"|"null"|"null"|"11"|"342211198704067896"|"null"|"@N"|"20190903000000"
"99730000"|"F1008933000019"|"狗十三"|"21100015132132143251300000"|"null"|"大头"|"14"|"null"|"null"|"11"|"342211198704067896"|"null"|"@N"|"20190903000000"
"99730000"|"F1008933000019"|"上海宏盛电子有限公司"|"21001129900022093300000000"|"null"|"NV75101"|"14"|"null"|"null"|"13"|"435678654"|"null"|"@N"|"20190903000000"
"99730000"|"F1008933000019"|"上海宏盛电子有限公司"|"21001129900022093300000000"|"null"|"NV75101"|"14"|"null"|"null"|"12"|"12346"|"null"|"@N"|"20190903000000"
"99730000"|"F1008933000019"|"你大舅你二舅都是你舅高板凳低桌子都是木头"|"21100014560000000000000000"|"null"|"NV75101"|"14"|"null"|"null"|"12"|"12346"|"null"|"@N"|"20190903000000"
"99730000"|"F1008933000019"|"上海宏盛电子有限公司"|"21001129900022093300000000"|"null"|"NV75101"|"14"|"null"|"null"|"12"|"12346"|"null"|"@N"|"20190903000000"
"99730000"|"F1008933000019"|"上海宏盛电子有限公司"|"21001129900022093300000000"|"null"|"NV75101"|"14"|"null"|"null"|"12"|"12346"|"null"|"@N"|"20190903000000"
"99730000"|"F1008933000019"|"朱仝"|"21100092134567876543000007"|"null"|"NV75101"|"14"|"null"|"null"|"12"|"12346"|"null"|"@N"|"20190903000000"
"99730000"|"F1008933000019"|"狗十三"|"21100015132132143251300000"|"null"|"NV75101"|"14"|"null"|"null"|"12"|"12346"|"null"|"@N"|"20190903000000"
"99730000"|"F1008933000019"|"狗十三"|"21100015132132143251300000"|"null"|"NV75101"|"14"|"null"|"null"|"12"|"12346"|"null"|"@N"|"20190903000000"
"99730000"|"F1008933000019"|"狗十三"|"21100015132132143251300000"|"null"|"NV75101"|"14"|"null"|"null"|"12"|"12346"|"null"|"@N"|"20190903000000"
"99730000"|"F1008933000019"|"狗十三"|"21100015132132143251300000"|"null"|"NV75101"|"14"|"null"|"null"|"12"|"12346"|"null"|"@N"|"20190903000000"
"99730000"|"F1008933000019"|"狗十三"|"21100015132132143251300000"|"null"|"NV75101"|"14"|"null"|"null"|"12"|"12346"|"null"|"@N"|"20190903000000"
"99730000"|"F1008933000019"|"上海宏盛电子有限公司"|"21001129900022093300000000"|"null"|"NV75101"|"14"|"null"|"null"|"12"|"546789765"|"null"|"@N"|"20190903000000"
"99730000"|"F1008933000019"|"你大舅你二舅都是你舅高板凳低桌子都是木头"|"21100014560000000000000000"|"null"|"NV75101"|"14"|"null"|"null"|"13"|"444"|"null"|"@N"|"20190903000000"
"99730000"|"F1008933000019"|"上海宏盛电子有限公司"|"21001129900022093300000000"|"null"|"性感诸葛，在线发牌"|"14"|"null"|"中国福建省福州市平潭县122123123"|"18"|"123456789"|"null"|"@N"|"20190903000000"
"99730000"|"F1008933000019"|"你大舅你二舅都是你舅高板凳低桌子都是木头"|"21100014560000000000000000"|"null"|"性感诸葛，在线发牌"|"14"|"null"|"中国福建省福州市平潭县122123123"|"18"|"123456789"|"null"|"@N"|"20190903000000"
"99730000"|"F1008933000019"|"上海宏盛电子有限公司"|"21001129900022093300000000"|"null"|"性感诸葛，在线发牌"|"14"|"null"|"中国福建省福州市平潭县122123123"|"18"|"123456789"|"null"|"@N"|"20190903000000"
"99730000"|"F1008933000019"|"上海宏盛电子有限公司"|"21001129900022093300000000"|"null"|"性感诸葛，在线发牌"|"14"|"null"|"中国福建省福州市平潭县122123123"|"18"|"123456789"|"null"|"@N"|"20190903000000"
"99730000"|"F1008933000019"|"朱仝"|"21100092134567876543000007"|"null"|"性感诸葛，在线发牌"|"14"|"null"|"中国福建省福州市平潭县122123123"|"18"|"123456789"|"null"|"@N"|"20190903000000"
"99730000"|"F1008933000019"|"狗十三"|"21100015132132143251300000"|"null"|"性感诸葛，在线发牌"|"14"|"null"|"中国福建省福州市平潭县122123123"|"18"|"123456789"|"null"|"@N"|"20190903000000"
"99730000"|"F1008933000019"|"狗十三"|"21100015132132143251300000"|"null"|"性感诸葛，在线发牌"|"14"|"null"|"中国福建省福州市平潭县122123123"|"18"|"123456789"|"null"|"@N"|"20190903000000"
"99730000"|"F1008933000019"|"狗十三"|"21100015132132143251300000"|"null"|"性感诸葛，在线发牌"|"14"|"null"|"中国福建省福州市平潭县122123123"|"18"|"123456789"|"null"|"@N"|"20190903000000"
"99730000"|"F1008933000019"|"狗十三"|"21100015132132143251300000"|"null"|"性感诸葛，在线发牌"|"14"|"null"|"中国福建省福州市平潭县122123123"|"18"|"123456789"|"null"|"@N"|"20190903000000"
"99730000"|"F1008933000019"|"狗十三"|"21100015132132143251300000"|"null"|"性感诸葛，在线发牌"|"14"|"null"|"中国福建省福州市平潭县122123123"|"18"|"123456789"|"null"|"@N"|"20190903000000"
