company_code1|company_code2|company_code3|company_code4|pol_no|app_no|ins_date|app_name|app_cst_no|app_id_type|app_id_no|ins_no|renew_date|pay_date|cur_code|pre_amt|usd_amt|tsf_flag|acc_name|acc_no|acc_bank|receipt_no|endorse_no|pt
"99730000"|"F1008933000019"|""|""|"P997301001201800000003"|"T997301001201800000008"|"20180305"|"山水集团"|"21001111234567890000000000"|"22"|"1234567890"|"11"|""|""|"CNY"|"33920.00"|"-9999.00"|"11"|"山水集团"|"19399901040059741"|"0"|"T997301001201800000008"|"P997301001201800000003-01"|"20191013000000"
"99730000"|"F1008933000019"|""|""|"P997301001201800000016"|"T997301001201800000134"|"20180626"|"晨芙"|"11200023290732907390739031"|"13"|"329073290739073903"|"11"|""|""|"CNY"|"22429.60"|"-9999.00"|"10"|"null"|"null"|"null"|"T997301001201800000134"|"P997301001201800000016-01"|"20191013000000"
"99730000"|"F1008933000019"|""|""|"P997301001201800000067"|"T997301001201800000139"|"20181121"|"speck"|"21001122345670000000000000"|"21"|"234567"|"11"|""|""|"CNY"|"9752.00"|"-9999.00"|"10"|"null"|"null"|"null"|"T997301001201800000139"|"P997301001201800000067-01"|"20191013000000"
"99730000"|"F1008933000019"|""|""|"P997301001201800000068"|"T997301001201800000141"|"20181122"|"speck"|"21001122345670000000000000"|"21"|"234567"|"11"|""|""|"CNY"|"7314.00"|"-9999.00"|"10"|"null"|"null"|"null"|"T997301001201800000141"|"P997301001201800000068-01"|"20191013000000"
"99730000"|"F1008933000019"|""|""|"P997301001201800000081"|"T997301001201800000169"|"20181226"|"许露露"|"21001117666666666600000000"|"22"|"76666666666"|"11"|""|""|"CNY"|"1060.00"|"-9999.00"|"11"|"许露露"|"null"|"null"|"T997301001201800000169"|"P997301001201800000081-01"|"20191013000000"
"99730000"|"F1008933000019"|""|""|"P997301001201900000006"|"T997301001201900000019"|"20190211"|"战略客户"|"21100036134324345346000001"|"21"|"6134324345346"|"11"|""|""|"CNY"|"9752.00"|"-9999.00"|"10"|"null"|"null"|"null"|"T997301001201900000019"|"P997301001201900000006-01"|"20191013000000"
"99730000"|"F1008933000019"|""|""|"P997301001201900000013"|"T997301001201900000046"|"20190319"|"许露西"|"11200038394653490570900007"|"12"|"83946534905709"|"11"|""|""|"CNY"|"4240000.00"|"-9999.00"|"10"|"null"|"null"|"null"|"T997301001201900000046"|"P997301001201900000013-01"|"20191013000000"
"99730000"|"F1008933000019"|""|""|"P997301001201900000008"|"T997301001201900000051"|"20190313"|"战略客户"|"21100036134324345346000001"|"21"|"6134324345346"|"11"|""|""|"CNY"|"319699.73"|"-9999.00"|"10"|"null"|"null"|"null"|"T997301001201900000051"|"P997301001201900000008-10"|"20191013000000"
"99730000"|"F1008933000019"|""|""|"P997301001201900000015"|"T997301001201900000054"|"20190326"|"战略客户"|"21100036134324345346000001"|"21"|"6134324345346"|"11"|""|""|"CNY"|"97520.00"|"-9999.00"|"10"|"null"|"null"|"null"|"T997301001201900000054"|"P997301001201900000015-01"|"20191013000000"
"99730000"|"F1008933000019"|""|""|"P997301001201900000029"|"T997301001201900000089"|"20190411"|"许露露"|"11200028435608349053790401"|"13"|"84356083490537904"|"11"|""|""|"CNY"|"15900.00"|"-9999.00"|"10"|"null"|"null"|"null"|"T997301001201900000089"|"P997301001201900000029-01"|"20191013000000"
"99730000"|"F1008933000019"|""|""|"P997301002201800000015"|"T997301002201800000019"|"20180424"|"lll"|"11200092220000000000000000"|"18"|"222"|"11"|""|""|"CNY"|"0.11"|"-9999.00"|"10"|"null"|"null"|"null"|"T997301002201800000019"|"P997301002201800000015-01"|"20191013000000"
"99730000"|"F1008933000019"|""|""|"P997301002201800000063"|"T997301002201800000129"|"20180710"|"门左右卫"|"21001121241231244123400000"|"21"|"12412312441234"|"11"|""|""|"CNY"|"7314.00"|"-9999.00"|"10"|"null"|"null"|"null"|"T997301002201800000129"|"P997301002201800000063-01"|"20191013000000"
"99730000"|"F1008933000019"|""|""|"P997301002201800000084"|"T997301002201800000171"|"20180815"|"再保账单测试"|"21001119876543210000000000"|"22"|"987654321"|"11"|""|""|"CNY"|"1060.00"|"-9999.00"|"10"|"null"|"null"|"null"|"T997301002201800000171"|"P997301002201800000084-01"|"20191013000000"
"99730000"|"F1008933000019"|""|""|"P997301002201900000001"|"T997301002201900000019"|"20190109"|"蓝忘机"|"11200021341415414500000000"|"13"|"13414154145"|"11"|""|""|"CNY"|"9508.20"|"-9999.00"|"10"|"null"|"null"|"null"|"T997301002201900000019"|"P997301002201900000001-01"|"20191013000000"
"99730000"|"F1008933000019"|""|""|"P997301002201900000010"|"T997301002201900000024"|"20190319"|"许露露"|"11200034839568348503409705"|"12"|"48395683485034097"|"11"|""|""|"CNY"|"1097100.00"|"-9999.00"|"10"|"null"|"null"|"null"|"T997301002201900000024"|"P997301002201900000010-01"|"20191013000000"
"99730000"|"F1008933000019"|""|""|"P997301002201900000011"|"T997301002201900000027"|"20190326"|"玉藻前葫芦兄弟黑科技股份有限公司"|"21001128000000008000000000"|"21"|"8000000008"|"11"|""|""|"CNY"|"2120000.00"|"-9999.00"|"10"|"null"|"null"|"null"|"T997301002201900000027"|"P997301002201900000011-01"|"20191013000000"
"99730000"|"F1008933000019"|""|""|"P997301002201900000013"|"T997301002201900000035"|"20190327"|"测试数据001"|"21001121111111111111111116"|"21"|"11111111111111111111"|"11"|""|""|"CNY"|"5927.81"|"-9999.00"|"10"|"null"|"null"|"null"|"T997301002201900000035"|"P997301002201900000013-02"|"20191013000000"
"99730000"|"F1008933000019"|""|""|"P997301002201800000016"|"T997301002201900000055"|"20180514"|"测试不摇动"|"11200021241412300000000000"|"13"|"12414123"|"11"|""|""|"CNY"|"649.99"|"-9999.00"|"10"|"null"|"null"|"null"|"T997301002201900000055"|"P997301002201800000016-03"|"20191013000000"
"99730000"|"F1008933000019"|""|""|"P997301002201900000019"|"T997301002201900000058"|"20190417"|"许露露"|"11200033948509940375903006"|"12"|"3948509940375903"|"11"|""|""|"CNY"|"21200.00"|"-9999.00"|"10"|"null"|"null"|"null"|"T997301002201900000058"|"P997301002201900000019-01"|"20191013000000"
"99730000"|"F1008933000019"|""|""|"P997301002201900000029"|"T997301002201900000090"|"20190514"|"魏无羡"|"11200024315145140000000000"|"13"|"431514514"|"11"|""|""|"CNY"|"21200.00"|"-9999.00"|"11"|"魏无羡"|"null"|"null"|"T997301002201900000090"|"P997301002201900000029-01"|"20191013000000"
"99730000"|"F1008933000019"|""|""|"P997301003201800000008"|"T997301003201800000017"|"20180523"|"王晓"|"11200013203221991013091237"|"11"|"320322199101309123"|"11"|""|""|"CNY"|"3612.71"|"-9999.00"|"11"|"王晓"|"19399901040059741"|"0"|"T997301003201800000017"|"P997301003201800000008-02"|"20191013000000"
"99730000"|"F1008933000019"|""|""|"P997301003201800000015"|"T997301003201800000032"|"20180712"|"王晓"|"11200013203221991013091237"|"11"|"320322199101309123"|"11"|""|""|"CNY"|"9752.00"|"-9999.00"|"10"|"null"|"null"|"null"|"T997301003201800000032"|"P997301003201800000015-01"|"20191013000000"
"99730000"|"F1008933000019"|""|""|"P997301003201800000033"|"T997301003201800000075"|"20181008"|"蓝忘机"|"11200021341415414500000000"|"13"|"13414154145"|"11"|""|""|"CNY"|"23850.00"|"-9999.00"|"10"|"null"|"null"|"null"|"T997301003201800000075"|"P997301003201800000033-01"|"20191013000000"
"99730000"|"F1008933000019"|""|""|"P997301003201800000037"|"T997301003201800000079"|"20181101"|"蓝忘机"|"11200021341415414500000000"|"13"|"13414154145"|"11"|""|""|"CNY"|"35333.33"|"-9999.00"|"10"|"null"|"null"|"null"|"T997301003201800000079"|"P997301003201800000037-01"|"20191013000000"
"99730000"|"F1008933000019"|""|""|"P997301003201800000038"|"T997301003201800000081"|"20181101"|"蓝忘机"|"11200021341415414500000000"|"13"|"13414154145"|"11"|""|""|"CNY"|"7172.67"|"-9999.00"|"10"|"null"|"null"|"null"|"T997301003201800000081"|"P997301003201800000038-01"|"20191013000000"
"99730000"|"F1008933000019"|""|""|"P997301003201800000051"|"T997301003201900000052"|"20181226"|"蓝忘机"|"11200021341415414500000000"|"13"|"13414154145"|"11"|""|""|"CNY"|"522.34"|"-9999.00"|"10"|"null"|"null"|"null"|"T997301003201900000052"|"P997301003201800000051-02"|"20191013000000"
"99730000"|"F1008933000019"|""|""|"P997301003201900000020"|"T997301003201900000055"|"20190417"|"许露露"|"11200039346507034997500003"|"12"|"934650703499750"|"11"|""|""|"CNY"|"21200.00"|"-9999.00"|"10"|"null"|"null"|"null"|"T997301003201900000055"|"P997301003201900000020-01"|"20191013000000"
"99730000"|"F1008933000019"|""|""|"P997301003201900000036"|"T997301003201900000122"|"20190709"|"杨成松"|"11200025465768767564000001"|"13"|"5465768767564"|"11"|""|""|"CNY"|"813.74"|"-9999.00"|"10"|"null"|"null"|"null"|"T997301003201900000122"|"P997301003201900000036-03"|"20191013000000"
"99730000"|"F1008933000019"|""|""|"P997301007201800000017"|"T997301007201800000021"|"20180630"|"许露露"|"11200023574039570943750901"|"13"|"35740395709437509"|"11"|""|""|"CNY"|"106000.00"|"-9999.00"|"10"|"null"|"null"|"null"|"T997301007201800000021"|"P997301007201800000017-01"|"20191013000000"
"99730000"|"F1008933000019"|""|""|"P997301007201800000018"|"T997301007201800000024"|"20180710"|"许露露"|"11200033097950479057340941"|"12"|"3097950479057340943"|"11"|""|""|"CNY"|"107060.00"|"-9999.00"|"10"|"null"|"null"|"null"|"T997301007201800000024"|"P997301007201800000018-01"|"20191013000000"
"99730000"|"F1008933000019"|""|""|"P997301007201900000004"|"T997301007201900000010"|"20190227"|"许露露"|"11200023649837974000000000"|"13"|"36498379740"|"11"|""|""|"CNY"|"2120000.00"|"-9999.00"|"10"|"null"|"null"|"null"|"T997301007201900000010"|"P997301007201900000004-02"|"20191013000000"
"99730000"|"F1008933000019"|""|""|"P997301007201900000005"|"T997301007201900000012"|"20190227"|"许露露"|"11200023649837974000000000"|"13"|"36498379740"|"11"|""|""|"CNY"|"1584700.00"|"-9999.00"|"10"|"null"|"null"|"null"|"T997301007201900000012"|"P997301007201900000005-03"|"20191013000000"
"99730000"|"F1008933000019"|""|""|"P997301007201900000006"|"T997301007201900000015"|"20190227"|"许露露"|"11200023649837974000000000"|"13"|"36498379740"|"11"|""|""|"CNY"|"397500.00"|"-9999.00"|"11"|"许露露"|"null"|"null"|"T997301007201900000015"|"P997301007201900000006-02"|"20191013000000"
"99730000"|"F1008933000019"|""|""|"P997301602201700000009"|"T997301602201700000009"|"20171217"|"软通测试数据—1217"|"21100092017121700000000000"|"22"|"20171217"|"11"|""|""|"CNY"|"2570.00"|"-9999.00"|"11"|"软通测试数据—1217"|"19399901040059741"|"0"|"T997301602201700000009"|"P997301602201700000009-02"|"20191013000000"
"99730000"|"F1008933000019"|""|""|"P997301602201700000010"|"T997301602201700000016"|"20171220"|"买买提.买买提"|"11200021231231231231231233"|"13"|"123123123123123123"|"11"|""|""|"CNY"|"620000.00"|"-9999.00"|"11"|"买买提.买买提"|"19399901040059741"|"0"|"T997301602201700000016"|"P997301602201700000010-01"|"20191013000000"
"99730000"|"F1008933000019"|""|""|"P997301602201800000022"|"T997301602201800000040"|"20180204"|"上海宏盛电子有限公司"|"21001129900022093300000000"|"21"|"99000220933"|"11"|""|""|"CNY"|"30000.00"|"-9999.00"|"11"|"上海宏盛电子有限公司"|"19399901040059741"|"0"|"T997301602201800000040"|"P997301602201800000022-01"|"20191013000000"
"99730000"|"F1008933000019"|""|""|"P997301602201800000043"|"T997301602201800000082"|"20180802"|"山水集团"|"21001111234567890000000000"|"22"|"1234567890"|"11"|""|""|"CNY"|"1272.00"|"-9999.00"|"10"|"null"|"null"|"null"|"T997301602201800000082"|"P997301602201800000043-02"|"20191013000000"
"99730000"|"F1008933000019"|""|""|"P997301700201800000022"|"T997301700201800000046"|"20180720"|"许露露"|"11200023209373902739203201"|"13"|"32093739027392032"|"11"|""|""|"CNY"|"2226.00"|"-9999.00"|"10"|"null"|"null"|"null"|"T997301700201800000046"|"P997301700201800000022-01"|"20191013000000"
"99730000"|"F1008933000019"|""|""|"P997301803201800000004"|"T997301803201800000007"|"20180202"|"去年买了个表有限公司"|"11200091234560000000000000"|"18"|"123456"|"11"|""|""|"CNY"|"10011.00"|"-9999.00"|"11"|"阿尔法罗密欧经销商"|"19399901040059741"|"0"|"T997301803201800000007"|"P997301803201800000004-01"|"20191013000000"
"99730000"|"F1008933000019"|""|""|"P997301806201900000001"|"T997301806201900000002"|"20190313"|"许露露"|"11200020875040395970349055"|"13"|"087504039597034905"|"11"|""|""|"CNY"|"4014.10"|"-9999.00"|"11"|"许露露"|"null"|"null"|"T997301806201900000002"|"P997301806201900000001-01"|"20191013000000"
"99730000"|"F1008933000019"|""|""|"P997301808201800000002"|"T997301808201800000004"|"20180201"|"Ant forest Gaming"|"21100023456789000000000000"|"22"|"34567890"|"11"|""|""|"CNY"|"1564.44"|"-9999.00"|"11"|"Ant forest Gaming"|"19399901040059741"|"0"|"T997301808201800000004"|"P997301808201800000002-01"|"20191013000000"
"99730000"|"F1008933000019"|""|""|"P997302001201800000020"|"T997302001201800000039"|"20180907"|"大胖"|"11200022345678000000000000"|"13"|"2345678"|"11"|""|""|"CNY"|"9752.00"|"-9999.00"|"11"|"waterm"|"null"|"null"|"T997302001201800000039"|"P997302001201800000020-01"|"20191013000000"
"99730000"|"F1008933000019"|""|""|"P997302001201800000021"|"T997302001201800000041"|"20180907"|"大胖"|"11200022345678000000000000"|"13"|"2345678"|"11"|""|""|"CNY"|"9752.00"|"-9999.00"|"11"|"waterm"|"null"|"null"|"T997302001201800000041"|"P997302001201800000021-01"|"20191013000000"
"99730000"|"F1008933000019"|""|""|"P997302001201900000037"|"T997302001201900000102"|"20190430"|"测"|"11200013623221988041103313"|"11"|"362322198804110331"|"11"|""|""|"CNY"|"75546.15"|"-9999.00"|"11"|"许露露"|"null"|"null"|"T997302001201900000102"|"P997302001201900000037-01"|"20191013000000"
"99730000"|"F1008933000019"|""|""|"P997302001201900000032"|"T997302001201900000103"|"20190403"|"许露露"|"11200023495683495003900003"|"13"|"34956834950039"|"11"|""|""|"CNY"|"948.61"|"-9999.00"|"10"|"null"|"null"|"null"|"T997302001201900000103"|"P997302001201900000032-02"|"20191013000000"
"99730000"|"F1008933000019"|""|""|"P997302001201900000017"|"T997302001201900000104"|"20190315"|"许露露"|"11200023495683495003900003"|"13"|"34956834950039"|"11"|""|""|"CNY"|"747.59"|"-9999.00"|"10"|"null"|"null"|"null"|"T997302001201900000104"|"P997302001201900000017-04"|"20191013000000"
"99730000"|"F1008933000019"|""|""|"P997302001201900000051"|"T997302001201900000110"|"20190517"|"魏无羡"|"11200024315145140000000000"|"13"|"431514514"|"11"|""|""|"CNY"|"105.36"|"-9999.00"|"10"|"null"|"null"|"null"|"T997302001201900000110"|"P997302001201900000051-01"|"20191013000000"
"99730000"|"F1008933000019"|""|""|"P997302001201900000058"|"T997302001201900000131"|"20190612"|"魏无羡"|"11200024315145140000000000"|"13"|"431514514"|"11"|""|""|"CNY"|"52880.22"|"-9999.00"|"10"|"null"|"null"|"null"|"T997302001201900000131"|"P997302001201900000058-01"|"20191013000000"
"33640000"|"F1008933000020"|""|""|"P336404003201800000001"|"T336404003201800000002"|"20181221"|"浙分-测试"|"21100026234325435213400008"|"22"|"62343254352134"|"13"|""|""|"CNY"|"9752.00"|"-9999.00"|"10"|"null"|"null"|"null"|"T336404003201800000002"|"P336404003201800000001-01"|"20191013000000"
"99730000"|"F1008933000019"|""|""|"P997304001201800000016"|"T997304001201800000040"|"20180726"|"魏无羡"|"11200024315145140000000000"|"13"|"431514514"|"13"|""|""|"CNY"|"13886.00"|"-9999.00"|"11"|"魏无羡"|"19399901040059741"|"null"|"T997304001201800000040"|"P997304001201800000016-02"|"20191013000000"
"99730000"|"F1008933000019"|""|""|"P997304001201900000001"|"T997304001201900000003"|"20190108"|"山水集团"|"21001111234567890000000000"|"22"|"1234567890"|"13"|""|""|"CNY"|"4876.00"|"-9999.00"|"10"|"null"|"null"|"null"|"T997304001201900000003"|"P997304001201900000001-01"|"20191013000000"
"99730000"|"F1008933000019"|""|""|"P997304001201900000002"|"T997304001201900000005"|"20190108"|"山水集团"|"21001111234567890000000000"|"22"|"1234567890"|"13"|""|""|"CNY"|"4876.00"|"-9999.00"|"10"|"null"|"null"|"null"|"T997304001201900000005"|"P997304001201900000002-01"|"20191013000000"
"99730000"|"F1008933000019"|""|""|"P997304006201900000001"|"T997304006201900000005"|"20190221"|"许褚"|"11200092323452345230000003"|"18"|"232345234523"|"13"|""|""|"CNY"|"372.28"|"-9999.00"|"11"|"许褚"|"null"|"null"|"T997304006201900000005"|"P997304006201900000001-01"|"20191013000000"
"99730000"|"F1008933000019"|""|""|"P997304006201900000003"|"T997304006201900000009"|"20190222"|"许露露"|"11200021244412300000000000"|"13"|"12444123"|"13"|""|""|"CNY"|"5618.00"|"-9999.00"|"10"|"null"|"null"|"null"|"T997304006201900000009"|"P997304006201900000003-01"|"20191013000000"
"99730000"|"F1008933000019"|""|""|"P997304006201900000002"|"T997304006201900000011"|"20190222"|"许露露"|"11200021244412300000000000"|"13"|"12444123"|"13"|""|""|"CNY"|"11660.00"|"-9999.00"|"11"|"软通ZH"|"null"|"null"|"T997304006201900000011"|"P997304006201900000002-01"|"20191013000000"
"99730000"|"F1008933000019"|""|""|"P997304006201900000011"|"T997304006201900000036"|"20190227"|"软通太平"|"11200021244132000000000000"|"13"|"1244132"|"13"|""|""|"CNY"|"2756.00"|"-9999.00"|"10"|"null"|"null"|"null"|"T997304006201900000036"|"P997304006201900000011-02"|"20191013000000"
"99730000"|"F1008933000019"|""|""|"P997302005201900000012"|"T997302005201900000024"|"20190521"|"秋田犬"|"11200035123123245000000000"|"12"|"5123123245"|"11"|""|""|"CNY"|"14628.00"|"-9999.00"|"10"|"null"|"null"|"null"|"T997302005201900000024"|"P997302005201900000012-01"|"20191013000000"
"99730000"|"F1008933000019"|""|""|"P997302005201900000022"|"T997302005201900000048"|"20190802"|"许露露"|"11200038596707540357030006"|"12"|"859670754035703"|"11"|""|""|"CNY"|"1046.01"|"-9999.00"|"10"|"null"|"null"|"null"|"T997302005201900000048"|"P997302005201900000022-01"|"20191013000000"
"99730000"|"F1008933000019"|""|""|"P997304101201900000004"|"T997304101201900000006"|"20190520"|"llxum"|"11200023948568943508300002"|"13"|"39485689435083"|"13"|""|""|"CNY"|"17787.86"|"-9999.00"|"10"|"null"|"null"|"null"|"T997304101201900000006"|"P997304101201900000004-01"|"20191013000000"
"99730000"|"F1008933000019"|""|""|"P997304101201900000009"|"T997304101201900000020"|"20190520"|"llxum"|"11200023948568943508300002"|"13"|"39485689435083"|"13"|""|""|"CNY"|"1655.72"|"-9999.00"|"11"|"llxum"|"null"|"null"|"T997304101201900000020"|"P997304101201900000009-01"|"20191013000000"
"99730000"|"F1008933000019"|""|""|"P997304601201700000002"|"T997304601201700000003"|"20171221"|"shaddock"|"11200031234567800000000000"|"12"|"12345678"|"13"|""|""|"CNY"|"680.00"|"-9999.00"|"11"|"shaddock"|"19399901040059741"|"0"|"T997304601201700000003"|"P997304601201700000002-01"|"20191013000000"
"99730000"|"F1008933000019"|""|""|"P997304602201900000004"|"T997304602201900000005"|"20190712"|"许露露"|"11200033849563409573940501"|"12"|"38495634095739405"|"13"|""|""|"CNY"|"58512.00"|"-9999.00"|"11"|"许露露"|"null"|"null"|"T997304602201900000005"|"P997304602201900000004-01"|"20191013000000"
"33640000"|"F1008933000020"|""|""|"P336404603201800000008"|"T336404603201800000003"|"20181221"|"浙分-测试"|"21100026234325435213400008"|"22"|"62343254352134"|"13"|""|""|"CNY"|"9752.00"|"-9999.00"|"11"|"浙分-测试"|"null"|"null"|"T336404603201800000003"|"P336404603201800000008-01"|"20191013000000"
"99730000"|"F1008933000019"|""|""|"P997304603201800000003"|"T997304603201800000007"|"20180131"|"盛腾"|"21100032345678900000000000"|"21"|"234567890"|"13"|""|""|"CNY"|"5720.00"|"-9999.00"|"11"|"园茶清韵市民茶馆"|"19399901040059741"|"0"|"T997304603201800000007"|"P997304603201800000003-02"|"20191013000000"
"99730000"|"F1008933000019"|""|""|"P997304607201800000002"|"T997304607201800000004"|"20181113"|"会飞的猪"|"21001116234235346000000000"|"22"|"6234235346"|"13"|""|""|"CNY"|"24380.00"|"-9999.00"|"11"|"秦羽"|"null"|"null"|"T997304607201800000004"|"P997304607201800000002-01"|"20191013000000"
"99730000"|"F1008933000019"|""|""|"P997304607201800000027"|"T997304607201800000064"|"20181122"|"会飞的猪"|"11200065234234325212312535"|"14"|"52342343252123125325"|"13"|""|""|"CNY"|"9752.00"|"-9999.00"|"10"|"null"|"null"|"null"|"T997304607201800000064"|"P997304607201800000027-01"|"20191013000000"
"99730000"|"F1008933000019"|""|""|"P997304607201800000028"|"T997304607201800000067"|"20181122"|"会飞的猪"|"11200065234234325212312535"|"14"|"52342343252123125325"|"13"|""|""|"CNY"|"9752.00"|"-9999.00"|"10"|"null"|"null"|"null"|"T997304607201800000067"|"P997304607201800000028-01"|"20191013000000"
"99730000"|"F1008933000019"|""|""|"P997304607201800000029"|"T997304607201800000073"|"20181122"|"会飞的猪"|"11200065234234325212312535"|"14"|"52342343252123125325"|"13"|""|""|"CNY"|"7314.00"|"-9999.00"|"10"|"null"|"null"|"null"|"T997304607201800000073"|"P997304607201800000029-01"|"20191013000000"
"99730000"|"F1008933000019"|""|""|"P997304809201700000002"|"T997304809201700000003"|"20171222"|"软通太平"|"11200021244123000000000000"|"13"|"1244123"|"13"|""|""|"CNY"|"5200.00"|"-9999.00"|"11"|"软通太平"|"19399901040059741"|"0"|"T997304809201700000003"|"P997304809201700000002-01"|"20191013000000"
"99730000"|"F1008933000019"|""|""|"P997304809201800000001"|"T997304809201800000002"|"20180201"|"软通太平"|"11200021244123000000000000"|"13"|"1244123"|"13"|""|""|"CNY"|"388.00"|"-9999.00"|"11"|"软通太平"|"19399901040059741"|"0"|"T997304809201800000002"|"P997304809201800000001-01"|"20191013000000"
"99730000"|"F1008933000019"|""|""|"P997305091201900000009"|"T997305091201900000035"|"20190416"|"许露露"|"11200023847590970503400007"|"13"|"38475909705034"|"15"|""|""|"CNY"|"7415.21"|"-9999.00"|"10"|"null"|"null"|"null"|"T997305091201900000035"|"P997305091201900000009-02"|"20191013000000"
"99730000"|"F1008933000019"|""|""|"P997305092201800000007"|"T997305092201800000029"|"20180517"|"承保数据"|"11200039023890328903803925"|"12"|"902389032890380392"|"15"|""|""|"CNY"|"31800.00"|"-9999.00"|"11"|"承保数据"|"19399901040059741"|"0"|"T997305092201800000029"|"P997305092201800000007-01"|"20191013000000"
"99730000"|"F1008933000019"|""|""|"P997305092201800000010"|"T997305092201800000038"|"20180517"|"测试数据"|"11200033089893028093300006"|"12"|"30898930280933"|"15"|""|""|"CNY"|"106106.00"|"-9999.00"|"11"|"测试数据"|"19399901040059741"|"0"|"T997305092201800000038"|"P997305092201800000010-01"|"20191013000000"
"99730000"|"F1008933000019"|""|""|"P997305098201800000027"|"T997305098201800000054"|"20180524"|"王三小"|"21100031241235123123140001"|"21"|"124123512312314"|"15"|""|""|"CNY"|"9752.00"|"-9999.00"|"10"|"null"|"null"|"null"|"T997305098201800000054"|"P997305098201800000027-01"|"20191013000000"
"99730000"|"F1008933000019"|""|""|"P997305101201900000010"|"T997305101201900000032"|"20190416"|"魏无羡"|"11200024315145140000000000"|"13"|"431514514"|"15"|""|""|"CNY"|"4240.00"|"-9999.00"|"10"|"null"|"null"|"null"|"T997305101201900000032"|"P997305101201900000010-01"|"20191013000000"
"99730000"|"F1008933000019"|""|""|"P997306001201800000009"|"T997306001201800000017"|"20180315"|"大头"|"11200014401021980031632320"|"11"|"440102198003163232"|"14"|""|""|"CNY"|"996.40"|"-9999.00"|"11"|"UAT测试津贴险保费计算"|"19399901040059741"|"0"|"T997306001201800000017"|"P997306001201800000009-01"|"20191013000000"
"99730000"|"F1008933000019"|""|""|"P997306001201800000013"|"T997306001201800000024"|"20180326"|"326上线测试保单"|"11200092342343243240000004"|"18"|"234234324324"|"14"|""|""|"CNY"|"464.28"|"-9999.00"|"11"|"326上线测试保单"|"19399901040059741"|"0"|"T997306001201800000024"|"P997306001201800000013-01"|"20191013000000"
"99730000"|"F1008933000019"|""|""|"P997306001201800000015"|"T997306001201800000027"|"20180409"|"张上分"|"11200014402021983011832320"|"11"|"440202198301183232"|"14"|""|""|"CNY"|"292.56"|"-9999.00"|"11"|"张上分"|"19399901040059741"|"0"|"T997306001201800000027"|"P997306001201800000015-01"|"20191013000000"
"99730000"|"F1008933000019"|""|""|"P997306001201800000017"|"T997306001201800000031"|"20180424"|"许露露"|"11200021244412300000000000"|"13"|"12444123"|"14"|""|""|"CNY"|"0.08"|"-9999.00"|"10"|"null"|"null"|"null"|"T997306001201800000031"|"P997306001201800000017-01"|"20191013000000"
"99730000"|"F1008933000019"|""|""|"P997306001201800000023"|"T997306001201800000044"|"20180619"|"许露露"|"11200021244412300000000000"|"13"|"12444123"|"14"|""|""|"CNY"|"4876.00"|"-9999.00"|"10"|"null"|"null"|"null"|"T997306001201800000044"|"P997306001201800000023-01"|"20191013000000"
"99730000"|"F1008933000019"|""|""|"P997306018201900000021"|"T997306018201900000059"|"20190321"|"业务反馈"|"21001115123123243250000005"|"22"|"512312324325"|"14"|""|""|"CNY"|"977.32"|"-9999.00"|"10"|"null"|"null"|"null"|"T997306018201900000059"|"P997306018201900000021-01"|"20191013000000"
"33640000"|"F1008933000020"|""|""|"P336406016201800000001"|"T336406016201800000005"|"20181207"|"秦羽"|"11200011101011980010101174"|"11"|"110101198001010117"|"14"|""|""|"CNY"|"15264.00"|"-9999.00"|"10"|"null"|"null"|"null"|"T336406016201800000005"|"P336406016201800000001-01"|"20191013000000"
"99730000"|"F1008933000019"|""|""|"P997306002201800000007"|"T997306002201800000015"|"20180308"|"3月8日下午回归测试"|"21001122343242342343240004"|"21"|"234324234234324"|"14"|""|""|"CNY"|"6360.00"|"-9999.00"|"11"|"3月8日下午回归测试"|"19399901040059741"|"0"|"T997306002201800000015"|"P997306002201800000007-01"|"20191013000000"
"99730000"|"F1008933000019"|""|""|"P997306002201900000003"|"T997306002201900000006"|"20190318"|"许露露"|"11200028379079057390000000"|"13"|"837907905739"|"14"|""|""|"CNY"|"4617360.00"|"-9999.00"|"10"|"null"|"null"|"null"|"T997306002201900000006"|"P997306002201900000003-01"|"20191013000000"
"99730000"|"F1008933000019"|""|""|"P997306002201900000032"|"T997306002201900000096"|"20190718"|"魏无羡"|"11200024315145140000000000"|"13"|"431514514"|"14"|""|""|"CNY"|"159.00"|"-9999.00"|"10"|"null"|"null"|"null"|"T997306002201900000096"|"P997306002201900000032-01"|"20191013000000"
"99730000"|"F1008933000019"|""|""|"P997306002201900000040"|"T997306002201900000108"|"20190730"|"魏无羡"|"11200024315145140000000000"|"13"|"431514514"|"14"|""|""|"CNY"|"1518.94"|"-9999.00"|"10"|"null"|"null"|"null"|"T997306002201900000108"|"P997306002201900000040-01"|"20191013000000"
"99730000"|"F1008933000019"|""|""|"P997306005201800000015"|"T997306005201800000039"|"20180630"|"许露露"|"11200023829949023794023707"|"13"|"382994902379402370"|"14"|""|""|"CNY"|"35172206.71"|"-9999.00"|"10"|"null"|"null"|"null"|"T997306005201800000039"|"P997306005201800000015-01"|"20191013000000"
"99730000"|"F1008933000019"|""|""|"P997306005201900000002"|"T997306005201900000003"|"20190106"|"许露露"|"11200022457643200000000000"|"13"|"24576432"|"14"|""|""|"CNY"|"12.08"|"-9999.00"|"10"|"null"|"null"|"null"|"T997306005201900000003"|"P997306005201900000002-01"|"20191013000000"
"33640000"|"F1008933000020"|""|""|"P336406202201800000001"|"T336406202201800000005"|"20181207"|"秦羽"|"11200011101011980010101174"|"11"|"110101198001010117"|"14"|""|""|"CNY"|"3710.00"|"-9999.00"|"10"|"null"|"null"|"null"|"T336406202201800000005"|"P336406202201800000001-01"|"20191013000000"
"99730000"|"F1008933000019"|""|""|"P997306202201800000030"|"T997306202201800000054"|"20181226"|"许露露"|"11200049856984596074000002"|"13"|"9856984596074"|"14"|""|""|"CNY"|"41.00"|"-9999.00"|"10"|"null"|"null"|"null"|"T997306202201800000054"|"P997306202201800000030-01"|"20191013000000"
"99730000"|"F1008933000019"|""|""|"P997306203201900000026"|"T997306203201900000051"|"20190214"|"张三"|"11200013307261989060700195"|"11"|"330726198906070019"|"14"|""|""|"CNY"|"124469.45"|"-9999.00"|"11"|"项目组测试"|"null"|"null"|"T997306203201900000051"|"P997306203201900000026-01"|"20191013000000"
"99730000"|"F1008933000019"|""|""|"P997307201201800000016"|"T997307201201800000033"|"20181123"|"个人恶性肿瘤住院医疗从共"|"11200014403021970051832324"|"11"|"440302197005183232"|"14"|""|""|"CNY"|"1071.00"|"-9999.00"|"10"|"null"|"null"|"null"|"T997307201201800000033"|"P997307201201800000016-01"|"20191013000000"
"99730000"|"F1008933000019"|""|""|"P997307201201900000007"|"T997307201201900000012"|"20190521"|"许露露"|"11200024380560937490000000"|"13"|"438056093749"|"14"|""|""|"CNY"|"152.00"|"-9999.00"|"11"|"许露露"|"null"|"null"|"T997307201201900000012"|"P997307201201900000007-01"|"20191013000000"
"99730000"|"F1008933000019"|""|""|"P997306602201700000004"|"T997306602201700000007"|"20171221"|"Pears"|"21001121234567800000000000"|"21"|"12345678"|"14"|""|""|"CNY"|"2400.00"|"-9999.00"|"11"|"Pears"|"19399901040059741"|"0"|"T997306602201700000007"|"P997306602201700000004-01"|"20191013000000"
"99730000"|"F1008933000019"|""|""|"P997306602201800000002"|"T997306602201800000008"|"20180106"|"sandwich"|"21100019876543000000000000"|"22"|"9876543"|"14"|""|""|"CNY"|"193948.60"|"-9999.00"|"11"|"sandwich"|"19399901040059741"|"0"|"T997306602201800000008"|"P997306602201800000002-01"|"20191013000000"
"99730000"|"F1008933000019"|""|""|"P997306602201800000015"|"T997306602201800000024"|"20180202"|"上海宏盛电子有限公司"|"21001129900022093300000000"|"21"|"99000220933"|"14"|""|""|"CNY"|"12219.08"|"-9999.00"|"11"|"上海宏盛电子有限公司"|"19399901040059741"|"0"|"T997306602201800000024"|"P997306602201800000015-01"|"20191013000000"
"99730000"|"F1008933000019"|""|""|"P997306802201700000002"|"T997306802201700000015"|"20171220"|"MOT主共保分期测试有限公司"|"21100092134214214123400000"|"22"|"21342142141234"|"14"|""|""|"CNY"|"7940.00"|"-9999.00"|"11"|"MOT主共保分期测试有限公司"|"19399901040059741"|"0"|"T997306802201700000015"|"P997306802201700000002-01"|"20191013000000"
"99730000"|"F1008933000019"|""|""|"P997306802201700000004"|"T997306802201700000016"|"20171220"|"MOT主共保测试股份有限公司"|"21100093214231431200000000"|"22"|"32142314312"|"14"|""|""|"CNY"|"7940.00"|"-9999.00"|"11"|"MOT主共保测试股份有限公司"|"19399901040059741"|"0"|"T997306802201700000016"|"P997306802201700000004-01"|"20191013000000"
"99730000"|"F1008933000019"|""|""|"P997306802201800000002"|"T997306802201800000007"|"20180106"|"MOT测试股份有限公司"|"21100092321341200000000000"|"22"|"23213412"|"14"|""|""|"CNY"|"962.26"|"-9999.00"|"11"|"MOT测试股份有限公司"|"19399901040059741"|"0"|"T997306802201800000007"|"P997306802201800000002-01"|"20191013000000"
"33640000"|"F1008933000020"|""|""|"P336408003201800000001"|"T336408003201800000003"|"20181221"|"山山"|"11200011101011990051800703"|"11"|"110101199005180070"|"11"|""|""|"CNY"|"6413.00"|"-9999.00"|"10"|"null"|"null"|"null"|"T336408003201800000003"|"P336408003201800000001-01"|"20191013000000"
"99730000"|"F1008933000019"|""|""|"P997308003201800000006"|"T997308003201800000021"|"20180719"|"项雨竹"|"11200015301241980052569858"|"11"|"530124198005256985"|"11"|""|""|"CNY"|"2724.20"|"-9999.00"|"10"|"null"|"null"|"null"|"T997308003201800000021"|"P997308003201800000006-01"|"20191013000000"
"99730000"|"F1008933000019"|""|""|"P997308003201800000010"|"T997308003201800000029"|"20180719"|"黑猫警长"|"11200091111111100000000000"|"18"|"11111111"|"11"|""|""|"CNY"|"2321.40"|"-9999.00"|"10"|"null"|"null"|"null"|"T997308003201800000029"|"P997308003201800000010-01"|"20191013000000"
"99730000"|"F1008933000019"|""|""|"P997308003201800000011"|"T997308003201800000038"|"20180730"|"蓝忘机"|"11200034657670000000000000"|"12"|"465767"|"11"|""|""|"CNY"|"7632.00"|"-9999.00"|"11"|"蓝忘机"|"19399901040059741"|"null"|"T997308003201800000038"|"P997308003201800000011-03"|"20191013000000"
"99730000"|"F1008933000019"|""|""|"P997308004201900000027"|"T997308004201900000061"|"20190514"|"许露露"|"11200034839579304579030001"|"12"|"483957930457903"|"11"|""|""|"CNY"|"165.57"|"-9999.00"|"11"|"许露露"|"null"|"null"|"T997308004201900000061"|"P997308004201900000027-01"|"20191013000000"
"99730000"|"F1008933000019"|""|""|"P997308006201900000014"|"T997308006201900000043"|"20190416"|"张三"|"11200014601061978041512286"|"11"|"460106197804151228"|"11"|""|""|"CNY"|"2549.30"|"-9999.00"|"11"|"欧阳组合"|"null"|"null"|"T997308006201900000043"|"P997308006201900000014-01"|"20191013000000"
"99730000"|"F1008933000019"|""|""|"P997308006201900000022"|"T997308006201900000059"|"20191011"|"许露露"|"11200028439569346597493501"|"13"|"84395693465974935"|"11"|""|""|"CNY"|"18176.52"|"-9999.00"|"10"|"null"|"null"|"null"|"T997308006201900000059"|"P997308006201900000022-01"|"20191013000000"
"33640000"|"F1008933000020"|""|""|"P336409001201800000002"|"T336409001201800000004"|"20181222"|"山山"|"11200011101011990051801187"|"11"|"110101199005180118"|"11"|""|""|"CNY"|"5457.40"|"-9999.00"|"10"|"null"|"null"|"null"|"T336409001201800000004"|"P336409001201800000002-01"|"20191013000000"
"99730000"|"F1008933000019"|""|""|"P997308007201800000013"|"T997308007201800000033"|"20181207"|"非转基因大胖玉米科技股份有限公司"|"21001128000000272000000000"|"21"|"8000000272"|"11"|""|""|"CNY"|"9752.00"|"-9999.00"|"10"|"null"|"null"|"null"|"T997308007201800000033"|"P997308007201800000013-01"|"20191013000000"
"99730000"|"F1008933000019"|""|""|"P997308008201900000012"|"T997308008201900000031"|"20190123"|"许露露"|"11200028493569347905000005"|"13"|"8493569347905"|"11"|""|""|"CNY"|"12508.61"|"-9999.00"|"11"|"许露露"|"null"|"null"|"T997308008201900000031"|"P997308008201900000012-01"|"20191013000000"
"99730000"|"F1008933000019"|""|""|"P997308008201900000016"|"T997308008201900000036"|"20190128"|"许露露"|"11200048936598479057904301"|"13"|"89365984790579043"|"11"|""|""|"CNY"|"794.92"|"-9999.00"|"11"|"许露露"|"null"|"null"|"T997308008201900000036"|"P997308008201900000016-01"|"20191013000000"
"99730000"|"F1008933000019"|""|""|"P997308008201900000018"|"T997308008201900000043"|"20190129"|"张三"|"11200013307261989060700195"|"11"|"330726198906070019"|"11"|""|""|"CNY"|"1091.80"|"-9999.00"|"10"|"null"|"null"|"null"|"T997308008201900000043"|"P997308008201900000018-01"|"20191013000000"
"99730000"|"F1008933000019"|""|""|"P997308008201900000001"|"T997308008201900000045"|"20190114"|"许露露"|"11200038935693479500000000"|"12"|"893569347950"|"11"|""|""|"CNY"|"498.90"|"-9999.00"|"11"|"许露露"|"null"|"null"|"T997308008201900000045"|"P997308008201900000001-01"|"20191013000000"
"99730000"|"F1008933000019"|""|""|"P997308008201900000021"|"T997308008201900000056"|"20190516"|"魏无羡"|"11200024315145140000000000"|"13"|"431514514"|"11"|""|""|"CNY"|"212.00"|"-9999.00"|"11"|"魏无羡"|"null"|"null"|"T997308008201900000056"|"P997308008201900000021-01"|"20191013000000"
"99730000"|"F1008933000019"|""|""|"P997309001201800000028"|"T997309001201800000074"|"20180918"|"软通太平"|"11200021244132000000000000"|"13"|"1244132"|"11"|""|""|"CNY"|"22260.00"|"-9999.00"|"11"|"Robb Stark"|"null"|"null"|"T997309001201800000074"|"P997309001201800000028-01"|"20191013000000"
"99730000"|"F1008933000019"|""|""|"P997309001201800000029"|"T997309001201800000076"|"20180918"|"noodles"|"11200022134567890000000000"|"13"|"213456789"|"11"|""|""|"CNY"|"12720.00"|"-9999.00"|"11"|"noodles"|"null"|"null"|"T997309001201800000076"|"P997309001201800000029-01"|"20191013000000"
"99730000"|"F1008933000019"|""|""|"P997309001201800000018"|"T997309001201900000025"|"20180705"|"张三"|"11200091234566543456000002"|"18"|"1234566543456"|"11"|""|""|"CNY"|"65.02"|"-9999.00"|"11"|"张三"|"null"|"null"|"T997309001201900000025"|"P997309001201800000018-01"|"20191013000000"
"99730000"|"F1008933000019"|""|""|"P997309001201900000011"|"T997309001201900000035"|"20190926"|"许露露"|"11200034358946357493050008"|"12"|"435894635749305"|"11"|""|""|"CNY"|"11151.20"|"-9999.00"|"10"|"null"|"null"|"null"|"T997309001201900000035"|"P997309001201900000011-01"|"20191013000000"
"99730000"|"F1008933000019"|""|""|"P997312001201800000019"|"T997312001201800000043"|"20180601"|"许露露"|"11200023903278094829038408"|"13"|"39032780948290384"|"15"|""|""|"CNY"|"1060.00"|"-9999.00"|"11"|"许露露"|"招商银行"|"0"|"T997312001201800000043"|"P997312001201800000019-01"|"20191013000000"
"99730000"|"F1008933000019"|""|""|"P997312001201900000010"|"T997312001201900000011"|"20190124"|"蓝忘机"|"11200034075034907593400007"|"12"|"40750349075934"|"15"|""|""|"CNY"|"7882.05"|"-9999.00"|"11"|"许露露"|"null"|"null"|"T997312001201900000011"|"P997312001201900000010-01"|"20191013000000"
